{"chunk_definitions":[{"chunk_id":"cnigcz5le20fn","chunk_label":"global-options","document_id":"735BB1B5","expansion_state":0,"options":{"engine":"r","include":false,"label":"global-options"},"row":10,"row_count":1,"visible":true},{"chunk_id":"c0tz3wizwyc80","chunk_label":"unnamed-chunk-3","document_id":"735BB1B5","expansion_state":0,"options":{"echo":"F","engine":"r","label":"Data Transformations"},"row":163,"row_count":1,"visible":true},{"chunk_id":"cyp56f0n8k96d","chunk_label":"unnamed-chunk-12","document_id":"735BB1B5","expansion_state":0,"options":{"engine":"r","label":"unnamed-chunk-32"},"row":376,"row_count":1,"visible":true},{"chunk_id":"cc4dcrn8rq3yp","chunk_label":"unnamed-chunk-13","document_id":"735BB1B5","expansion_state":0,"options":{"engine":"r","label":"unnamed-chunk-33"},"row":403,"row_count":1,"visible":true},{"chunk_id":"c9e83ta2jbbac","chunk_label":"unnamed-chunk-14","document_id":"735BB1B5","expansion_state":0,"options":{"engine":"r","label":"unnamed-chunk-34"},"row":453,"row_count":1,"visible":true},{"chunk_id":"c6n8dfdrc1a2t","chunk_label":"unnamed-chunk-15","document_id":"735BB1B5","expansion_state":0,"options":{"engine":"r","label":"unnamed-chunk-35"},"row":471,"row_count":1,"visible":true},{"chunk_id":"c7yhlwf6k1chz","chunk_label":"unnamed-chunk-17","document_id":"735BB1B5","expansion_state":0,"options":{"engine":"r","label":"unnamed-chunk-38"},"row":496,"row_count":1,"visible":true}],"doc_write_time":1605203965}