"0","ASV.table_used %>% "
"0","  group_by(sample) %>%"
"0","  filter(., Miseq_run== barcode_1) %>% "
"0","  mutate (TotalReadsperSample = sum(nReads)) %>%"
"0","  arrange(desc(TotalReadsperSample)) %>%"
"0","  ggplot(., aes(x=sample, y=TotalReadsperSample, color=source)) + "
"0","  geom_point() +ggtitle(""Read Count Across Samples"") + "
"0","  theme(axis.text.x = element_text(angle = 90)) -> plot_1"
"0","ggsave(plot=plot_1,here(""decontam"",""Output_plots"",""Sample_Read_Depth_Barcode_1.png""), device = ""png"", width = 12, height = 8, units = ""in"")"
