"0","library (tidyverse)"
"0","library (vegan)"
"0","library (proxy)"
"0","library(reshape2)"
"0","library(microDecon)"
"0","library(stringr)"
"0","library(knitr)"
"0","library(ranacapa)"
"0","library(dplyr)"
"0","library(tibble)"
"0","library(reshape2)"
"0","library(phyloseq)"
"0","library(ggplot2)"
"0","library(plotly)"
"0","library(optparse)"
"0","library(fitdistrplus)"
"0","library(rstan)"
"0","library(shinystan)"
"0","library(bayesplot)"
"0","library(broom)"
"0","library(analyze.stuff)"
"0","library(here)"
"0","options(mc.cores = parallel::detectCores())"
"0","rstan_options(auto_write = TRUE)"
"0","source(here(""decontam"",""decontamination_utilities.R""))"
