{"chunk_definitions":[{"chunk_id":"clnsdky0wgyr8","chunk_label":"unnamed-chunk-1","document_id":"1F0B1267","expansion_state":0,"options":{"engine":"r","label":"unnamed-chunk-422"},"row":28,"row_count":1,"visible":true},{"chunk_id":"cvd79c5tsoz3w","chunk_label":"Import Data","document_id":"205A14AD","expansion_state":0,"options":{"engine":"r","label":"Import Data"},"row":69,"row_count":1,"visible":true},{"chunk_id":"cwqacj6fp9h5m","chunk_label":"anacapa to phyloseq functions from ranacapa library imported manually since they do not work on R3.6.0","document_id":"205A14AD","expansion_state":0,"options":{"engine":"r","include":false,"label":"anacapa to phyloseq functions from ranacapa library imported manually since they do not work on R3.6.0","results":"hide","warning":false},"row":265,"row_count":1,"visible":true},{"chunk_id":"c3uvrm0g50rcq","chunk_label":"unnamed-chunk-2","document_id":"205A14AD","expansion_state":0,"options":{"engine":"r","label":"unnamed-chunk-460"},"row":283,"row_count":1,"visible":true},{"chunk_id":"cdn4sl73loqlx","chunk_label":"unnamed-chunk-3","document_id":"205A14AD","expansion_state":0,"options":{"engine":"r","label":"unnamed-chunk-461"},"row":308,"row_count":1,"visible":true},{"chunk_id":"ccz3zkd4ic4e4","chunk_label":"unnamed-chunk-4","document_id":"205A14AD","expansion_state":0,"options":{"engine":"r","label":"unnamed-chunk-462"},"row":318,"row_count":1,"visible":true},{"chunk_id":"c7cmr0nwnbxfs","chunk_label":"unnamed-chunk-5","document_id":"205A14AD","expansion_state":0,"options":{"engine":"r","label":"unnamed-chunk-300"},"row":335,"row_count":1,"visible":true},{"chunk_id":"cd1jifacqg6bv","chunk_label":"unnamed-chunk-6","document_id":"205A14AD","expansion_state":0,"options":{"engine":"r","label":"unnamed-chunk-301"},"row":343,"row_count":1,"visible":true},{"chunk_id":"cejv9kie2wvo2","chunk_label":"unnamed-chunk-7","document_id":"205A14AD","expansion_state":0,"options":{"engine":"r","label":"unnamed-chunk-327"},"row":370,"row_count":1,"visible":true},{"chunk_id":"cs1f0ud689oiw","chunk_label":"unnamed-chunk-8","document_id":"205A14AD","expansion_state":0,"options":{"engine":"r","label":"unnamed-chunk-337"},"row":377,"row_count":1,"visible":true},{"chunk_id":"c49qg1jgx5vle","chunk_label":"unnamed-chunk-10","document_id":"205A14AD","expansion_state":0,"options":{"engine":"r","label":"unnamed-chunk-355"},"row":417,"row_count":1,"visible":true},{"chunk_id":"ckb8s2j5efy67","chunk_label":"unnamed-chunk-11","document_id":"205A14AD","expansion_state":0,"options":{"engine":"r","label":"unnamed-chunk-359"},"row":424,"row_count":1,"visible":true},{"chunk_id":"cmj1dc7ksijxw","chunk_label":"unnamed-chunk-12","document_id":"205A14AD","expansion_state":0,"options":{"engine":"r","label":"unnamed-chunk-356"},"row":453,"row_count":1,"visible":true},{"chunk_id":"cottnn8fp71n8","chunk_label":"unnamed-chunk-14","document_id":"205A14AD","expansion_state":0,"options":{"engine":"r","label":"unnamed-chunk-357"},"row":489,"row_count":1,"visible":true},{"chunk_id":"ceb5jyec6muv9","chunk_label":"unnamed-chunk-16","document_id":"205A14AD","expansion_state":0,"options":{"engine":"r","label":"unnamed-chunk-366"},"row":533,"row_count":1,"visible":true},{"chunk_id":"c8dna1mecz171","chunk_label":"unnamed-chunk-17","document_id":"205A14AD","expansion_state":0,"options":{"engine":"r","label":"unnamed-chunk-368"},"row":550,"row_count":1,"visible":true},{"chunk_id":"cju6mte7lsski","chunk_label":"unnamed-chunk-18","document_id":"205A14AD","expansion_state":0,"options":{"engine":"r","label":"unnamed-chunk-370"},"row":562,"row_count":1,"visible":true},{"chunk_id":"c6dqrxlr1q4l5","chunk_label":"unnamed-chunk-19","document_id":"205A14AD","expansion_state":0,"options":{"engine":"r","label":"ANOVA Observed Taxa Between Sites"},"row":575,"row_count":1,"visible":true},{"chunk_id":"cwhzv7qs57j3r","chunk_label":"unnamed-chunk-20","document_id":"205A14AD","expansion_state":0,"options":{"engine":"r","label":"unnamed-chunk-376"},"row":580,"row_count":1,"visible":true},{"chunk_id":"cjlfe6hhmzxeq","chunk_label":"unnamed-chunk-21","document_id":"205A14AD","expansion_state":0,"options":{"engine":"r","label":"unnamed-chunk-447"},"row":586,"row_count":1,"visible":true},{"chunk_id":"cwr2hofjy8hh9","chunk_label":"TUKEY Observed Taxa Between Sites","document_id":"205A14AD","expansion_state":0,"options":{"engine":"r","label":"TUKEY Observed Taxa Between Sites"},"row":593,"row_count":1,"visible":true},{"chunk_id":"cipaq31cgacsg","chunk_label":"Observed Taxa Box Plot","document_id":"205A14AD","expansion_state":0,"options":{"engine":"r","label":"Observed Taxa Box Plot"},"row":634,"row_count":1,"visible":true},{"chunk_id":"cwdtf0hsf9s2z","chunk_label":"unnamed-chunk-22","document_id":"205A14AD","expansion_state":0,"options":{"engine":"r","label":"unnamed-chunk-378"},"row":643,"row_count":1,"visible":true},{"chunk_id":"cdxp9i75qykh7","chunk_label":"unnamed-chunk-23","document_id":"205A14AD","expansion_state":0,"options":{"engine":"r","label":"unnamed-chunk-380"},"row":698,"row_count":1,"visible":true},{"chunk_id":"cuui5epq2xfls","chunk_label":"unnamed-chunk-24","document_id":"205A14AD","expansion_state":0,"options":{"engine":"r","label":"unnamed-chunk-381"},"row":727,"row_count":1,"visible":true},{"chunk_id":"c0ytxld71x3yc","chunk_label":"unnamed-chunk-25","document_id":"205A14AD","expansion_state":0,"options":{"engine":"r","label":"unnamed-chunk-383"},"row":738,"row_count":1,"visible":true},{"chunk_id":"cx8x9njozyu0j","chunk_label":"unnamed-chunk-26","document_id":"205A14AD","expansion_state":0,"options":{"engine":"r","label":"Comparison of Taxa Across All Sites"},"row":765,"row_count":1,"visible":true},{"chunk_id":"cp2pwvvu6ydyu","chunk_label":"unnamed-chunk-27","document_id":"205A14AD","expansion_state":0,"options":{"engine":"r","label":"unnamed-chunk-441"},"row":793,"row_count":1,"visible":true},{"chunk_id":"cshaoem0zz01d","chunk_label":"unnamed-chunk-28","document_id":"205A14AD","expansion_state":0,"options":{"engine":"r","label":"unnamed-chunk-442"},"row":817,"row_count":1,"visible":true},{"chunk_id":"cqhf1i3uvnqji","chunk_label":"unnamed-chunk-30","document_id":"205A14AD","expansion_state":0,"options":{"engine":"r","label":"unnamed-chunk-446"},"row":852,"row_count":1,"visible":true},{"chunk_id":"c3442n4p864il","chunk_label":"unnamed-chunk-34","document_id":"205A14AD","expansion_state":0,"options":{"engine":"r","label":"unnamed-chunk-451"},"row":906,"row_count":1,"visible":true},{"chunk_id":"cusjji7ef09qn","chunk_label":"unnamed-chunk-35","document_id":"205A14AD","expansion_state":0,"options":{"engine":"r","label":"unnamed-chunk-452"},"row":920,"row_count":1,"visible":true},{"chunk_id":"c2na5evyupb4d","chunk_label":"unnamed-chunk-36","document_id":"205A14AD","expansion_state":0,"options":{"engine":"r","label":"unnamed-chunk-453"},"row":928,"row_count":1,"visible":true},{"chunk_id":"cgu97y0wldxsm","chunk_label":"unnamed-chunk-37","document_id":"205A14AD","expansion_state":0,"options":{"engine":"r","label":"unnamed-chunk-454"},"row":935,"row_count":1,"visible":true},{"chunk_id":"cp7f4hikt4u20","chunk_label":"unnamed-chunk-38","document_id":"205A14AD","expansion_state":0,"options":{"engine":"r","label":"unnamed-chunk-455"},"row":951,"row_count":1,"visible":true},{"chunk_id":"cqjyqog0ljnco","chunk_label":"unnamed-chunk-39","document_id":"205A14AD","expansion_state":0,"options":{"engine":"r","label":"unnamed-chunk-524","results":"hide","warning":false},"row":1056,"row_count":1,"visible":true},{"chunk_id":"c4bnc6ach3ls5","chunk_label":"unnamed-chunk-40","document_id":"205A14AD","expansion_state":0,"options":{"engine":"r","label":"unnamed-chunk-525"},"row":1066,"row_count":1,"visible":true},{"chunk_id":"cxv6gox9anmth","chunk_label":"unnamed-chunk-42","document_id":"205A14AD","expansion_state":0,"options":{"engine":"r","label":"unnamed-chunk-596"},"row":1217,"row_count":1,"visible":true},{"chunk_id":"clbegoi14m1pf","chunk_label":"unnamed-chunk-43","document_id":"205A14AD","expansion_state":0,"options":{"engine":"r","label":"unnamed-chunk-597"},"row":1226,"row_count":1,"visible":true},{"chunk_id":"cbck83vaizhas","chunk_label":"unnamed-chunk-44","document_id":"205A14AD","expansion_state":0,"options":{"engine":"r","label":"unnamed-chunk-609"},"row":1255,"row_count":1,"visible":true}],"chunk_rendered_width":700,"doc_write_time":1605236022}