"seq_number","Site","Bio_repA.x","Bio_repB.x","Bio_repC.x","Bio_repA.y","Bio_repB.y","Bio_repC.y","max_Occupancy_prob","sum.taxonomy"
"merged_fishcard_12S_all_1","Edge",3,3,3,3,3,3,0.997292472278815,"Eukaryota;Chordata;Actinopteri;Perciformes;Serranidae;Paralabrax;Paralabrax clathratus"
"merged_fishcard_12S_all_1","MPA",3,3,3,3,3,3,0.997292472278815,"Eukaryota;Chordata;Actinopteri;Perciformes;Serranidae;Paralabrax;Paralabrax clathratus"
"merged_fishcard_12S_all_1","Outside",3,3,3,3,3,3,0.997292472278815,"Eukaryota;Chordata;Actinopteri;Perciformes;Serranidae;Paralabrax;Paralabrax clathratus"
"merged_fishcard_12S_all_10","Edge",3,3,3,3,3,3,0.997292472278815,"Eukaryota;Chordata;Actinopteri;Clupeiformes;Engraulidae;Engraulis;Engraulis mordax"
"merged_fishcard_12S_all_10","MPA",3,3,3,3,3,3,0.997292472278815,"Eukaryota;Chordata;Actinopteri;Clupeiformes;Engraulidae;Engraulis;Engraulis mordax"
"merged_fishcard_12S_all_10","Outside",3,1,2,3,1,2,0.990636308359107,"Eukaryota;Chordata;Actinopteri;Clupeiformes;Engraulidae;Engraulis;Engraulis mordax"
"merged_fishcard_12S_all_1000","MPA",NA,NA,1,NA,NA,1,0.734325601615964,"Eukaryota;Chordata;Mammalia;Artiodactyla;Balaenopteridae;Megaptera;Megaptera novaeangliae"
"merged_fishcard_12S_all_1008","Edge",1,NA,NA,1,NA,NA,0.735133473329824,""
"merged_fishcard_12S_all_1009","Edge",NA,1,NA,NA,1,NA,0.734382671137457,""
"merged_fishcard_12S_all_101","Edge",3,3,3,3,3,3,0.997292472278815,""
"merged_fishcard_12S_all_101","MPA",3,1,1,3,1,1,0.994364751683123,""
"merged_fishcard_12S_all_101","Outside",3,3,2,3,3,2,0.994292247228821,""
"merged_fishcard_12S_all_1010","Edge",NA,1,NA,NA,1,NA,0.734382671137457,""
"merged_fishcard_12S_all_1011","Edge",NA,1,NA,NA,1,NA,0.734382671137457,""
"merged_fishcard_12S_all_1012","MPA",1,NA,NA,1,NA,NA,0.735133473329824,""
"merged_fishcard_12S_all_1013","MPA",NA,1,NA,NA,1,NA,0.734382671137457,"Eukaryota;Chordata;Actinopteri;Labriformes;Labridae;Semicossyphus;Semicossyphus pulcher"
"merged_fishcard_12S_all_1014","Outside",NA,NA,1,NA,NA,1,0.734325601615964,"Eukaryota;Chordata;Actinopteri;Centrarchiformes;Kyphosidae;Medialuna;Medialuna californiensis"
"merged_fishcard_12S_all_1018","Edge",NA,1,NA,NA,1,NA,0.734382671137457,""
"merged_fishcard_12S_all_1019","MPA",NA,1,NA,NA,1,NA,0.734382671137457,"Eukaryota;Chordata;Actinopteri;Centrarchiformes;Kyphosidae;Girella;Girella nigricans"
"merged_fishcard_12S_all_1025","Outside",NA,NA,1,NA,NA,1,0.734325601615964,"Eukaryota;Chordata;Actinopteri;Perciformes;Serranidae;Paralabrax;Paralabrax clathratus"
"merged_fishcard_12S_all_103","Edge",3,2,3,3,2,3,0.996773921943271,""
"merged_fishcard_12S_all_103","Outside",2,3,3,2,3,3,0.996885168275353,""
"merged_fishcard_12S_all_1032","Edge",1,NA,NA,1,NA,NA,0.735133473329824,"Eukaryota;Chordata;Actinopteri;Perciformes;Serranidae;Paralabrax;Paralabrax clathratus"
"merged_fishcard_12S_all_1033","Edge",1,NA,NA,1,NA,NA,0.735133473329824,""
"merged_fishcard_12S_all_1034","Edge",NA,1,NA,NA,1,NA,0.734382671137457,""
"merged_fishcard_12S_all_1035","Outside",NA,NA,1,NA,NA,1,0.734325601615964,"Eukaryota;Chordata;Actinopteri;Atheriniformes;Atherinopsidae;Atherinops;Atherinops affinis"
"merged_fishcard_12S_all_104","Outside",NA,NA,1,NA,NA,1,0.734325601615964,"Eukaryota;Chordata;Actinopteri;Scombriformes;Scombridae;Sarda;Sarda chiliensis"
"merged_fishcard_12S_all_1041","MPA",NA,1,NA,NA,1,NA,0.734382671137457,"Eukaryota;Chordata;Actinopteri;Centrarchiformes;Kyphosidae;Girella;Girella nigricans"
"merged_fishcard_12S_all_1042","Outside",NA,NA,1,NA,NA,1,0.734325601615964,"Eukaryota;Chordata;Actinopteri;Perciformes;Serranidae;Paralabrax;Paralabrax clathratus"
"merged_fishcard_12S_all_1043","Outside",NA,NA,1,NA,NA,1,0.734325601615964,"Eukaryota;Chordata;Actinopteri;Atheriniformes;Atherinopsidae;Atherinops;Atherinops affinis"
"merged_fishcard_12S_all_105","Edge",3,3,3,3,3,3,0.997292472278815,""
"merged_fishcard_12S_all_105","MPA",3,3,3,3,3,3,0.997292472278815,""
"merged_fishcard_12S_all_105","Outside",3,3,3,3,3,3,0.997292472278815,""
"merged_fishcard_12S_all_1053","Outside",NA,NA,1,NA,NA,1,0.734325601615964,"Eukaryota;Chordata;Actinopteri;Perciformes;Serranidae;Paralabrax;Paralabrax clathratus"
"merged_fishcard_12S_all_1059","Edge",1,NA,NA,1,NA,NA,0.735133473329824,"Eukaryota;Chordata;Actinopteri;Perciformes;Serranidae;Paralabrax;Paralabrax clathratus"
"merged_fishcard_12S_all_1060","Edge",NA,1,NA,NA,1,NA,0.734382671137457,""
"merged_fishcard_12S_all_1061","MPA",NA,1,NA,NA,1,NA,0.734382671137457,"Eukaryota;Chordata;Actinopteri;Centrarchiformes;Kyphosidae;Girella;Girella nigricans"
"merged_fishcard_12S_all_107","Edge",NA,NA,1,NA,NA,1,0.734325601615964,"Eukaryota;Chordata;Actinopteri;Pleuronectiformes;Pleuronectidae;Pleuronichthys;Pleuronichthys coenosus"
"merged_fishcard_12S_all_107","MPA",NA,1,NA,NA,1,NA,0.734382671137457,"Eukaryota;Chordata;Actinopteri;Pleuronectiformes;Pleuronectidae;Pleuronichthys;Pleuronichthys coenosus"
"merged_fishcard_12S_all_107","Outside",1,1,NA,1,1,NA,0.799045380772025,"Eukaryota;Chordata;Actinopteri;Pleuronectiformes;Pleuronectidae;Pleuronichthys;Pleuronichthys coenosus"
"merged_fishcard_12S_all_108","Edge",3,3,3,3,3,3,0.997292472278815,""
"merged_fishcard_12S_all_108","MPA",3,NA,1,3,NA,1,0.987455861530081,""
"merged_fishcard_12S_all_108","Outside",3,3,2,3,3,2,0.994292247228821,""
"merged_fishcard_12S_all_109","Edge",3,2,1,3,2,1,0.993158272948884,""
"merged_fishcard_12S_all_109","MPA",2,NA,1,2,NA,1,0.954067009184348,""
"merged_fishcard_12S_all_109","Outside",NA,NA,3,NA,NA,3,0.987619957121005,""
"merged_fishcard_12S_all_111","Edge",NA,2,NA,NA,2,NA,0.924910876775914,"Eukaryota;Chordata;Actinopteri;Clupeiformes;Clupeidae;Sardinops;Sardinops sagax"
"merged_fishcard_12S_all_111","Outside",NA,1,1,NA,1,1,0.792237827177014,"Eukaryota;Chordata;Actinopteri;Clupeiformes;Clupeidae;Sardinops;Sardinops sagax"
"merged_fishcard_12S_all_113","Edge",3,3,3,3,3,3,0.997292472278815,""
"merged_fishcard_12S_all_113","MPA",3,2,2,3,2,2,0.993882714560078,""
"merged_fishcard_12S_all_113","Outside",NA,1,1,NA,1,1,0.792237827177014,""
"merged_fishcard_12S_all_114","Edge",2,NA,1,2,NA,1,0.954067009184348,"Eukaryota;Chordata;Actinopteri;Pleuronectiformes;Paralichthyidae;Citharichthys;Citharichthys sordidus"
"merged_fishcard_12S_all_114","MPA",NA,NA,2,NA,NA,2,0.92083875248564,"Eukaryota;Chordata;Actinopteri;Pleuronectiformes;Paralichthyidae;Citharichthys;Citharichthys sordidus"
"merged_fishcard_12S_all_114","Outside",1,1,1,1,1,1,0.832921686603231,"Eukaryota;Chordata;Actinopteri;Pleuronectiformes;Paralichthyidae;Citharichthys;Citharichthys sordidus"
"merged_fishcard_12S_all_115","Edge",2,2,1,2,2,1,0.964587826561259,""
"merged_fishcard_12S_all_115","MPA",2,NA,NA,2,NA,NA,0.942760459461141,""
"merged_fishcard_12S_all_115","Outside",2,2,3,2,2,3,0.993574640354125,""
"merged_fishcard_12S_all_117","Edge",3,3,3,3,3,3,0.997292472278815,""
"merged_fishcard_12S_all_117","MPA",3,3,3,3,3,3,0.997292472278815,""
"merged_fishcard_12S_all_117","Outside",3,3,3,3,3,3,0.997292472278815,""
"merged_fishcard_12S_all_12","Edge",3,3,3,3,3,3,0.997292472278815,"Eukaryota;Chordata;Actinopteri;NA;Sphyraenidae;Sphyraena;Sphyraena argentea"
"merged_fishcard_12S_all_12","MPA",3,2,2,3,2,2,0.993882714560078,"Eukaryota;Chordata;Actinopteri;NA;Sphyraenidae;Sphyraena;Sphyraena argentea"
"merged_fishcard_12S_all_12","Outside",3,3,3,3,3,3,0.997292472278815,"Eukaryota;Chordata;Actinopteri;NA;Sphyraenidae;Sphyraena;Sphyraena argentea"
"merged_fishcard_12S_all_121","Edge",NA,2,2,NA,2,2,0.955416521858118,"Eukaryota;Chordata;Actinopteri;NA;Sciaenidae;Cheilotrema;Cheilotrema saturnum"
"merged_fishcard_12S_all_121","MPA",1,2,3,1,2,3,0.993248513398081,"Eukaryota;Chordata;Actinopteri;NA;Sciaenidae;Cheilotrema;Cheilotrema saturnum"
"merged_fishcard_12S_all_121","Outside",2,2,2,2,2,2,0.96457767921247,"Eukaryota;Chordata;Actinopteri;NA;Sciaenidae;Cheilotrema;Cheilotrema saturnum"
"merged_fishcard_12S_all_122","Edge",3,3,3,3,3,3,0.997292472278815,""
"merged_fishcard_12S_all_122","MPA",3,NA,2,3,NA,2,0.993044831347511,""
"merged_fishcard_12S_all_122","Outside",NA,3,1,NA,3,1,0.993080068673672,""
"merged_fishcard_12S_all_124","Edge",NA,1,1,NA,1,1,0.792237827177014,""
"merged_fishcard_12S_all_125","Edge",3,3,3,3,3,3,0.997292472278815,""
"merged_fishcard_12S_all_125","MPA",3,1,3,3,1,3,0.992410523685441,""
"merged_fishcard_12S_all_125","Outside",1,3,1,1,3,1,0.993399614841235,""
"merged_fishcard_12S_all_126","Edge",3,2,1,3,2,1,0.993158272948884,""
"merged_fishcard_12S_all_126","MPA",2,1,2,2,1,2,0.959834729939388,""
"merged_fishcard_12S_all_126","Outside",NA,1,1,NA,1,1,0.792237827177014,""
"merged_fishcard_12S_all_13","Edge",3,3,3,3,3,3,0.997292472278815,""
"merged_fishcard_12S_all_13","MPA",3,3,3,3,3,3,0.997292472278815,""
"merged_fishcard_12S_all_13","Outside",3,3,3,3,3,3,0.997292472278815,""
"merged_fishcard_12S_all_132","Edge",3,3,3,3,3,3,0.997292472278815,""
"merged_fishcard_12S_all_132","MPA",2,1,1,2,1,1,0.951235746985343,""
"merged_fishcard_12S_all_132","Outside",1,1,1,1,1,1,0.832921686603231,""
"merged_fishcard_12S_all_133","Edge",NA,1,2,NA,1,2,0.941920341468675,"Eukaryota;Chordata;Actinopteri;Perciformes;Hexagrammidae;Oxylebius;Oxylebius pictus"
"merged_fishcard_12S_all_133","Outside",NA,1,1,NA,1,1,0.792237827177014,"Eukaryota;Chordata;Actinopteri;Perciformes;Hexagrammidae;Oxylebius;Oxylebius pictus"
"merged_fishcard_12S_all_134","Edge",NA,3,NA,NA,3,NA,0.988795301123611,"Eukaryota;Chordata;Actinopteri;Tetraodontiformes;Balistidae;Balistes;Balistes polylepis"
"merged_fishcard_12S_all_134","Outside",1,1,NA,1,1,NA,0.799045380772025,"Eukaryota;Chordata;Actinopteri;Tetraodontiformes;Balistidae;Balistes;Balistes polylepis"
"merged_fishcard_12S_all_14","Edge",2,NA,1,2,NA,1,0.954067009184348,"Eukaryota;Chordata;Actinopteri;NA;Pomacentridae;Hypsypops;Hypsypops rubicundus"
"merged_fishcard_12S_all_14","MPA",NA,1,NA,NA,1,NA,0.734382671137457,"Eukaryota;Chordata;Actinopteri;NA;Pomacentridae;Hypsypops;Hypsypops rubicundus"
"merged_fishcard_12S_all_14","Outside",1,NA,2,1,NA,2,0.943849410606967,"Eukaryota;Chordata;Actinopteri;NA;Pomacentridae;Hypsypops;Hypsypops rubicundus"
"merged_fishcard_12S_all_140","Edge",2,2,3,2,2,3,0.993574640354125,""
"merged_fishcard_12S_all_140","MPA",2,NA,NA,2,NA,NA,0.942760459461141,""
"merged_fishcard_12S_all_140","Outside",3,3,3,3,3,3,0.997292472278815,""
"merged_fishcard_12S_all_141","Edge",2,1,1,2,1,1,0.951235746985343,"Eukaryota;Chordata;Actinopteri;Blenniiformes;Clinidae;Gibbonsia;Gibbonsia montereyensis"
"merged_fishcard_12S_all_141","Outside",1,2,1,1,2,1,0.952175227439511,"Eukaryota;Chordata;Actinopteri;Blenniiformes;Clinidae;Gibbonsia;Gibbonsia montereyensis"
"merged_fishcard_12S_all_142","Edge",NA,1,NA,NA,1,NA,0.734382671137457,"Eukaryota;Chordata;Actinopteri;Labriformes;Labridae;Oxyjulis;Oxyjulis californica"
"merged_fishcard_12S_all_142","Outside",1,NA,1,1,NA,1,0.796926023984852,"Eukaryota;Chordata;Actinopteri;Labriformes;Labridae;Oxyjulis;Oxyjulis californica"
"merged_fishcard_12S_all_145","Edge",1,2,2,1,2,2,0.959487355266571,""
"merged_fishcard_12S_all_145","MPA",1,NA,2,1,NA,2,0.943849410606967,""
"merged_fishcard_12S_all_145","Outside",1,1,2,1,1,2,0.960832267059461,""
"merged_fishcard_12S_all_146","Edge",3,3,3,3,3,3,0.997292472278815,""
"merged_fishcard_12S_all_146","MPA",3,3,3,3,3,3,0.997292472278815,""
"merged_fishcard_12S_all_146","Outside",3,3,3,3,3,3,0.997292472278815,""
"merged_fishcard_12S_all_147","MPA",NA,2,NA,NA,2,NA,0.924910876775914,"Eukaryota;Chordata;Actinopteri;Clupeiformes;Clupeidae;Sardinops;Sardinops sagax"
"merged_fishcard_12S_all_147","Outside",NA,1,1,NA,1,1,0.792237827177014,"Eukaryota;Chordata;Actinopteri;Clupeiformes;Clupeidae;Sardinops;Sardinops sagax"
"merged_fishcard_12S_all_148","Outside",1,NA,NA,1,NA,NA,0.735133473329824,"Eukaryota;Chordata;Actinopteri;Tetraodontiformes;Molidae;Mola;Mola mola"
"merged_fishcard_12S_all_149","Outside",NA,NA,1,NA,NA,1,0.734325601615964,"Eukaryota;Chordata;Actinopteri;Perciformes;Serranidae;Paralabrax;Paralabrax clathratus"
"merged_fishcard_12S_all_150","Outside",NA,1,2,NA,1,2,0.941920341468675,"Eukaryota;Chordata;Actinopteri;Labriformes;Labridae;Oxyjulis;Oxyjulis californica"
"merged_fishcard_12S_all_151","Edge",NA,1,NA,NA,1,NA,0.734382671137457,""
"merged_fishcard_12S_all_152","MPA",1,NA,NA,1,NA,NA,0.735133473329824,"Eukaryota;Chordata;Actinopteri;Perciformes;Scorpaenidae;Scorpaenodes;Scorpaenodes xyris"
"merged_fishcard_12S_all_152","Outside",1,1,2,1,1,2,0.960832267059461,"Eukaryota;Chordata;Actinopteri;Perciformes;Scorpaenidae;Scorpaenodes;Scorpaenodes xyris"
"merged_fishcard_12S_all_157","Edge",NA,2,NA,NA,2,NA,0.924910876775914,""
"merged_fishcard_12S_all_159","Edge",NA,1,1,NA,1,1,0.792237827177014,""
"merged_fishcard_12S_all_16","Edge",NA,1,NA,NA,1,NA,0.734382671137457,"Eukaryota;Chordata;Actinopteri;Blenniiformes;Clinidae;Gibbonsia;"
"merged_fishcard_12S_all_16","Outside",1,2,1,1,2,1,0.952175227439511,"Eukaryota;Chordata;Actinopteri;Blenniiformes;Clinidae;Gibbonsia;"
"merged_fishcard_12S_all_162","Edge",3,2,3,3,2,3,0.996773921943271,""
"merged_fishcard_12S_all_162","MPA",3,1,3,3,1,3,0.992410523685441,""
"merged_fishcard_12S_all_162","Outside",NA,3,1,NA,3,1,0.993080068673672,""
"merged_fishcard_12S_all_168","Edge",NA,1,NA,NA,1,NA,0.734382671137457,"Eukaryota;Chordata;Actinopteri;Blenniiformes;Chaenopsidae;Chaenopsis;Chaenopsis alepidota"
"merged_fishcard_12S_all_168","MPA",NA,1,1,NA,1,1,0.792237827177014,"Eukaryota;Chordata;Actinopteri;Blenniiformes;Chaenopsidae;Chaenopsis;Chaenopsis alepidota"
"merged_fishcard_12S_all_169","Edge",NA,2,NA,NA,2,NA,0.924910876775914,""
"merged_fishcard_12S_all_169","MPA",3,1,2,3,1,2,0.990636308359107,""
"merged_fishcard_12S_all_17","Outside",NA,3,2,NA,3,2,0.992093798931961,""
"merged_fishcard_12S_all_170","MPA",1,NA,NA,1,NA,NA,0.735133473329824,"Eukaryota;Chordata;Actinopteri;Perciformes;Serranidae;Paralabrax;Paralabrax clathratus"
"merged_fishcard_12S_all_170","Outside",NA,NA,1,NA,NA,1,0.734325601615964,"Eukaryota;Chordata;Actinopteri;Perciformes;Serranidae;Paralabrax;Paralabrax clathratus"
"merged_fishcard_12S_all_172","Edge",3,3,3,3,3,3,0.997292472278815,""
"merged_fishcard_12S_all_172","MPA",3,NA,NA,3,NA,NA,0.990077333534513,""
"merged_fishcard_12S_all_172","Outside",1,3,NA,1,3,NA,0.99282241652178,""
"merged_fishcard_12S_all_177","MPA",NA,NA,1,NA,NA,1,0.734325601615964,"Eukaryota;Chordata;Actinopteri;Blenniiformes;Gobiesocidae;Rimicola;Rimicola muscarum"
"merged_fishcard_12S_all_177","Outside",NA,1,2,NA,1,2,0.941920341468675,"Eukaryota;Chordata;Actinopteri;Blenniiformes;Gobiesocidae;Rimicola;Rimicola muscarum"
"merged_fishcard_12S_all_179","Edge",3,3,3,3,3,3,0.997292472278815,""
"merged_fishcard_12S_all_179","MPA",1,NA,NA,1,NA,NA,0.735133473329824,""
"merged_fishcard_12S_all_179","Outside",NA,1,NA,NA,1,NA,0.734382671137457,""
"merged_fishcard_12S_all_18","Edge",3,3,3,3,3,3,0.997292472278815,"Eukaryota;Chordata;Actinopteri;;Pomacentridae;Chromis;Chromis punctipinnis"
"merged_fishcard_12S_all_18","MPA",3,3,3,3,3,3,0.997292472278815,"Eukaryota;Chordata;Actinopteri;;Pomacentridae;Chromis;Chromis punctipinnis"
"merged_fishcard_12S_all_18","Outside",3,3,3,3,3,3,0.997292472278815,"Eukaryota;Chordata;Actinopteri;;Pomacentridae;Chromis;Chromis punctipinnis"
"merged_fishcard_12S_all_180","Edge",1,NA,NA,1,NA,NA,0.735133473329824,"Eukaryota;Chordata;Actinopteri;Clupeiformes;Engraulidae;Engraulis;Engraulis mordax"
"merged_fishcard_12S_all_182","Edge",NA,NA,2,NA,NA,2,0.92083875248564,"Eukaryota;Chordata;Actinopteri;Perciformes;Sebastidae;Sebastes;"
"merged_fishcard_12S_all_182","MPA",NA,NA,1,NA,NA,1,0.734325601615964,"Eukaryota;Chordata;Actinopteri;Perciformes;Sebastidae;Sebastes;"
"merged_fishcard_12S_all_183","Edge",NA,2,1,NA,2,1,0.94287838132176,""
"merged_fishcard_12S_all_183","Outside",NA,1,1,NA,1,1,0.792237827177014,""
"merged_fishcard_12S_all_184","Edge",2,2,2,2,2,2,0.96457767921247,""
"merged_fishcard_12S_all_184","MPA",2,NA,1,2,NA,1,0.954067009184348,""
"merged_fishcard_12S_all_184","Outside",1,2,NA,1,2,NA,0.942589036086986,""
"merged_fishcard_12S_all_185","Edge",3,3,3,3,3,3,0.997292472278815,""
"merged_fishcard_12S_all_185","MPA",3,1,3,3,1,3,0.992410523685441,""
"merged_fishcard_12S_all_185","Outside",2,3,3,2,3,3,0.996885168275353,""
"merged_fishcard_12S_all_188","Edge",2,2,2,2,2,2,0.96457767921247,""
"merged_fishcard_12S_all_188","Outside",1,2,2,1,2,2,0.959487355266571,""
"merged_fishcard_12S_all_189","Outside",NA,NA,1,NA,NA,1,0.734325601615964,"Eukaryota;Chordata;Actinopteri;;Embiotocidae;Embiotoca;Embiotoca jacksoni"
"merged_fishcard_12S_all_191","Edge",NA,NA,1,NA,NA,1,0.734325601615964,"Eukaryota;Chordata;Actinopteri;Clupeiformes;Clupeidae;Sardinops;Sardinops sagax"
"merged_fishcard_12S_all_192","Outside",1,NA,NA,1,NA,NA,0.735133473329824,"Eukaryota;Chordata;Actinopteri;Anguilliformes;;;"
"merged_fishcard_12S_all_193","Edge",1,NA,1,1,NA,1,0.796926023984852,""
"merged_fishcard_12S_all_194","Edge",2,NA,NA,2,NA,NA,0.942760459461141,""
"merged_fishcard_12S_all_194","MPA",3,3,1,3,3,1,0.994481548722595,""
"merged_fishcard_12S_all_194","Outside",NA,1,3,NA,1,3,0.992874316311953,""
"merged_fishcard_12S_all_195","Outside",NA,NA,1,NA,NA,1,0.734325601615964,"Eukaryota;Chordata;Actinopteri;Atheriniformes;Atherinopsidae;Atherinops;Atherinops affinis"
"merged_fishcard_12S_all_197","Edge",2,3,2,2,3,2,0.994750620061707,""
"merged_fishcard_12S_all_197","MPA",NA,NA,1,NA,NA,1,0.734325601615964,""
"merged_fishcard_12S_all_197","Outside",NA,2,1,NA,2,1,0.94287838132176,""
"merged_fishcard_12S_all_198","Edge",2,1,NA,2,1,NA,0.942242072652497,""
"merged_fishcard_12S_all_198","MPA",2,NA,NA,2,NA,NA,0.942760459461141,""
"merged_fishcard_12S_all_198","Outside",NA,NA,1,NA,NA,1,0.734325601615964,""
"merged_fishcard_12S_all_2","Edge",2,NA,1,2,NA,1,0.954067009184348,"Eukaryota;Chordata;Actinopteri;Labriformes;Labridae;Halichoeres;Halichoeres semicinctus"
"merged_fishcard_12S_all_2","MPA",2,NA,2,2,NA,2,0.954757184208388,"Eukaryota;Chordata;Actinopteri;Labriformes;Labridae;Halichoeres;Halichoeres semicinctus"
"merged_fishcard_12S_all_2","Outside",NA,2,3,NA,2,3,0.9923814647113,"Eukaryota;Chordata;Actinopteri;Labriformes;Labridae;Halichoeres;Halichoeres semicinctus"
"merged_fishcard_12S_all_20","Edge",NA,1,1,NA,1,1,0.792237827177014,"Eukaryota;Chordata;Actinopteri;Anguilliformes;Muraenidae;Gymnothorax;Gymnothorax mordax"
"merged_fishcard_12S_all_20","MPA",NA,1,2,NA,1,2,0.941920341468675,"Eukaryota;Chordata;Actinopteri;Anguilliformes;Muraenidae;Gymnothorax;Gymnothorax mordax"
"merged_fishcard_12S_all_20","Outside",NA,1,2,NA,1,2,0.941920341468675,"Eukaryota;Chordata;Actinopteri;Anguilliformes;Muraenidae;Gymnothorax;Gymnothorax mordax"
"merged_fishcard_12S_all_200","Edge",NA,1,NA,NA,1,NA,0.734382671137457,""
"merged_fishcard_12S_all_201","Edge",2,2,1,2,2,1,0.964587826561259,""
"merged_fishcard_12S_all_201","Outside",NA,1,2,NA,1,2,0.941920341468675,""
"merged_fishcard_12S_all_204","Edge",1,NA,1,1,NA,1,0.796926023984852,"Eukaryota;Chordata;Actinopteri;Blenniiformes;Labrisomidae;Alloclinus;Alloclinus holderi"
"merged_fishcard_12S_all_204","Outside",NA,1,NA,NA,1,NA,0.734382671137457,"Eukaryota;Chordata;Actinopteri;Blenniiformes;Labrisomidae;Alloclinus;Alloclinus holderi"
"merged_fishcard_12S_all_205","Outside",NA,1,NA,NA,1,NA,0.734382671137457,""
"merged_fishcard_12S_all_206","Edge",3,1,2,3,1,2,0.990636308359107,""
"merged_fishcard_12S_all_206","MPA",2,NA,NA,2,NA,NA,0.942760459461141,""
"merged_fishcard_12S_all_206","Outside",2,2,2,2,2,2,0.96457767921247,""
"merged_fishcard_12S_all_209","Edge",1,NA,NA,1,NA,NA,0.735133473329824,""
"merged_fishcard_12S_all_209","MPA",1,1,NA,1,1,NA,0.799045380772025,""
"merged_fishcard_12S_all_209","Outside",1,2,2,1,2,2,0.959487355266571,""
"merged_fishcard_12S_all_21","Edge",NA,2,1,NA,2,1,0.94287838132176,"Eukaryota;Chordata;Actinopteri;Carangiformes;Carangidae;Trachurus;Trachurus symmetricus"
"merged_fishcard_12S_all_21","MPA",3,3,2,3,3,2,0.994292247228821,"Eukaryota;Chordata;Actinopteri;Carangiformes;Carangidae;Trachurus;Trachurus symmetricus"
"merged_fishcard_12S_all_21","Outside",1,2,1,1,2,1,0.952175227439511,"Eukaryota;Chordata;Actinopteri;Carangiformes;Carangidae;Trachurus;Trachurus symmetricus"
"merged_fishcard_12S_all_214","Outside",NA,NA,1,NA,NA,1,0.734325601615964,"Eukaryota;Chordata;Actinopteri;Centrarchiformes;Kyphosidae;Girella;Girella nigricans"
"merged_fishcard_12S_all_219","Edge",3,3,3,3,3,3,0.997292472278815,""
"merged_fishcard_12S_all_219","MPA",3,NA,1,3,NA,1,0.987455861530081,""
"merged_fishcard_12S_all_219","Outside",1,1,3,1,1,3,0.98622382684899,""
"merged_fishcard_12S_all_220","MPA",1,1,2,1,1,2,0.960832267059461,""
"merged_fishcard_12S_all_220","Outside",NA,NA,1,NA,NA,1,0.734325601615964,""
"merged_fishcard_12S_all_223","Edge",3,3,3,3,3,3,0.997292472278815,""
"merged_fishcard_12S_all_223","MPA",3,1,2,3,1,2,0.990636308359107,""
"merged_fishcard_12S_all_223","Outside",NA,1,1,NA,1,1,0.792237827177014,""
"merged_fishcard_12S_all_226","Edge",3,3,3,3,3,3,0.997292472278815,""
"merged_fishcard_12S_all_226","MPA",3,2,3,3,2,3,0.996773921943271,""
"merged_fishcard_12S_all_228","Edge",NA,2,2,NA,2,2,0.955416521858118,""
"merged_fishcard_12S_all_228","Outside",NA,1,NA,NA,1,NA,0.734382671137457,""
"merged_fishcard_12S_all_23","Edge",3,3,3,3,3,3,0.997292472278815,""
"merged_fishcard_12S_all_23","MPA",3,2,3,3,2,3,0.996773921943271,""
"merged_fishcard_12S_all_23","Outside",3,3,3,3,3,3,0.997292472278815,""
"merged_fishcard_12S_all_230","Outside",NA,1,NA,NA,1,NA,0.734382671137457,"Eukaryota;Chordata;Actinopteri;Acanthuriformes;Acanthuridae;Acanthurus;Acanthurus xanthopterus"
"merged_fishcard_12S_all_232","Edge",3,1,1,3,1,1,0.994364751683123,""
"merged_fishcard_12S_all_232","MPA",NA,NA,1,NA,NA,1,0.734325601615964,""
"merged_fishcard_12S_all_232","Outside",NA,1,NA,NA,1,NA,0.734382671137457,""
"merged_fishcard_12S_all_239","MPA",1,NA,NA,1,NA,NA,0.735133473329824,"Eukaryota;Chordata;Actinopteri;Clupeiformes;Engraulidae;Engraulis;Engraulis mordax"
"merged_fishcard_12S_all_24","Edge",1,1,2,1,1,2,0.960832267059461,"Eukaryota;Chordata;Actinopteri;Blenniiformes;Blenniidae;Hypsoblennius;Hypsoblennius jenkinsi"
"merged_fishcard_12S_all_24","Outside",2,1,2,2,1,2,0.959834729939388,"Eukaryota;Chordata;Actinopteri;Blenniiformes;Blenniidae;Hypsoblennius;Hypsoblennius jenkinsi"
"merged_fishcard_12S_all_244","Edge",3,3,3,3,3,3,0.997292472278815,""
"merged_fishcard_12S_all_244","MPA",NA,1,NA,NA,1,NA,0.734382671137457,""
"merged_fishcard_12S_all_244","Outside",NA,NA,1,NA,NA,1,0.734325601615964,""
"merged_fishcard_12S_all_246","Edge",1,3,2,1,3,2,0.991821464907354,""
"merged_fishcard_12S_all_246","MPA",1,1,NA,1,1,NA,0.799045380772025,""
"merged_fishcard_12S_all_247","Edge",NA,NA,1,NA,NA,1,0.734325601615964,""
"merged_fishcard_12S_all_247","Outside",1,1,3,1,1,3,0.98622382684899,""
"merged_fishcard_12S_all_248","Outside",1,NA,NA,1,NA,NA,0.735133473329824,"Eukaryota;Chordata;Actinopteri;Centrarchiformes;Kyphosidae;Medialuna;Medialuna californiensis"
"merged_fishcard_12S_all_249","Outside",NA,NA,1,NA,NA,1,0.734325601615964,"Eukaryota;Chordata;Actinopteri;Perciformes;Serranidae;Paralabrax;Paralabrax clathratus"
"merged_fishcard_12S_all_25","Edge",NA,1,1,NA,1,1,0.792237827177014,"Eukaryota;Chordata;Actinopteri;Atheriniformes;Atherinopsidae;Atherinops;Atherinops affinis"
"merged_fishcard_12S_all_25","MPA",1,NA,NA,1,NA,NA,0.735133473329824,"Eukaryota;Chordata;Actinopteri;Atheriniformes;Atherinopsidae;Atherinops;Atherinops affinis"
"merged_fishcard_12S_all_25","Outside",NA,NA,1,NA,NA,1,0.734325601615964,"Eukaryota;Chordata;Actinopteri;Atheriniformes;Atherinopsidae;Atherinops;Atherinops affinis"
"merged_fishcard_12S_all_251","Edge",1,NA,NA,1,NA,NA,0.735133473329824,"Eukaryota;Chordata;Actinopteri;Carangiformes;Carangidae;Seriola;Seriola lalandi"
"merged_fishcard_12S_all_251","Outside",NA,1,NA,NA,1,NA,0.734382671137457,"Eukaryota;Chordata;Actinopteri;Carangiformes;Carangidae;Seriola;Seriola lalandi"
"merged_fishcard_12S_all_256","Edge",NA,NA,1,NA,NA,1,0.734325601615964,"Eukaryota;Chordata;Actinopteri;Perciformes;Cottidae;Clinocottus;Clinocottus analis"
"merged_fishcard_12S_all_257","Edge",1,1,NA,1,1,NA,0.799045380772025,""
"merged_fishcard_12S_all_26","Edge",2,1,2,2,1,2,0.959834729939388,"Eukaryota;Chordata;Actinopteri;;Embiotocidae;Rhacochilus;Rhacochilus vacca"
"merged_fishcard_12S_all_26","MPA",2,3,3,2,3,3,0.996885168275353,"Eukaryota;Chordata;Actinopteri;;Embiotocidae;Rhacochilus;Rhacochilus vacca"
"merged_fishcard_12S_all_26","Outside",3,1,3,3,1,3,0.992410523685441,"Eukaryota;Chordata;Actinopteri;;Embiotocidae;Rhacochilus;Rhacochilus vacca"
"merged_fishcard_12S_all_260","Edge",1,2,1,1,2,1,0.952175227439511,""
"merged_fishcard_12S_all_260","Outside",1,2,2,1,2,2,0.959487355266571,""
"merged_fishcard_12S_all_261","Edge",1,2,NA,1,2,NA,0.942589036086986,""
"merged_fishcard_12S_all_261","Outside",NA,1,NA,NA,1,NA,0.734382671137457,""
"merged_fishcard_12S_all_262","Outside",NA,1,1,NA,1,1,0.792237827177014,"Eukaryota;Chordata;Actinopteri;Pempheriformes;Polyprionidae;Stereolepis;Stereolepis gigas"
"merged_fishcard_12S_all_263","Edge",3,2,2,3,2,2,0.993882714560078,""
"merged_fishcard_12S_all_263","MPA",2,NA,NA,2,NA,NA,0.942760459461141,""
"merged_fishcard_12S_all_263","Outside",NA,NA,1,NA,NA,1,0.734325601615964,""
"merged_fishcard_12S_all_268","Edge",1,1,NA,1,1,NA,0.799045380772025,""
"merged_fishcard_12S_all_268","Outside",NA,1,1,NA,1,1,0.792237827177014,""
"merged_fishcard_12S_all_269","Edge",3,3,3,3,3,3,0.997292472278815,""
"merged_fishcard_12S_all_269","MPA",2,1,1,2,1,1,0.951235746985343,""
"merged_fishcard_12S_all_269","Outside",NA,NA,2,NA,NA,2,0.92083875248564,""
"merged_fishcard_12S_all_272","Outside",NA,NA,1,NA,NA,1,0.734325601615964,"Eukaryota;Chordata;Actinopteri;Centrarchiformes;Kyphosidae;Girella;Girella nigricans"
"merged_fishcard_12S_all_274","Edge",1,1,NA,1,1,NA,0.799045380772025,""
"merged_fishcard_12S_all_274","MPA",NA,1,NA,NA,1,NA,0.734382671137457,""
"merged_fishcard_12S_all_274","Outside",1,1,1,1,1,1,0.832921686603231,""
"merged_fishcard_12S_all_275","Edge",NA,1,NA,NA,1,NA,0.734382671137457,""
"merged_fishcard_12S_all_275","Outside",NA,1,3,NA,1,3,0.992874316311953,""
"merged_fishcard_12S_all_276","Edge",NA,1,NA,NA,1,NA,0.734382671137457,"Eukaryota;Chordata;Actinopteri;NA;Sphyraenidae;Sphyraena;Sphyraena argentea"
"merged_fishcard_12S_all_277","Edge",2,2,1,2,2,1,0.964587826561259,""
"merged_fishcard_12S_all_277","MPA",2,NA,1,2,NA,1,0.954067009184348,""
"merged_fishcard_12S_all_277","Outside",NA,1,2,NA,1,2,0.941920341468675,""
"merged_fishcard_12S_all_279","Edge",NA,1,NA,NA,1,NA,0.734382671137457,"Eukaryota;Chordata;Actinopteri;Centrarchiformes;Kyphosidae;Girella;Girella nigricans"
"merged_fishcard_12S_all_28","Edge",3,2,2,3,2,2,0.993882714560078,""
"merged_fishcard_12S_all_28","MPA",3,1,2,3,1,2,0.990636308359107,""
"merged_fishcard_12S_all_28","Outside",1,3,2,1,3,2,0.991821464907354,""
"merged_fishcard_12S_all_282","Edge",1,2,NA,1,2,NA,0.942589036086986,""
"merged_fishcard_12S_all_283","Outside",NA,NA,1,NA,NA,1,0.734325601615964,""
"merged_fishcard_12S_all_284","Outside",NA,NA,1,NA,NA,1,0.734325601615964,"Eukaryota;Chordata;Actinopteri;Centrarchiformes;Kyphosidae;Girella;Girella nigricans"
"merged_fishcard_12S_all_286","Outside",NA,NA,1,NA,NA,1,0.734325601615964,"Eukaryota;Chordata;Actinopteri;Anguilliformes;Muraenidae;Gymnothorax;Gymnothorax mordax"
"merged_fishcard_12S_all_287","Outside",NA,1,2,NA,1,2,0.941920341468675,""
"merged_fishcard_12S_all_288","Edge",NA,1,NA,NA,1,NA,0.734382671137457,"Eukaryota;Chordata;Actinopteri;Blenniiformes;Labrisomidae;Neoclinus;Neoclinus blanchardi"
"merged_fishcard_12S_all_288","MPA",NA,1,NA,NA,1,NA,0.734382671137457,"Eukaryota;Chordata;Actinopteri;Blenniiformes;Labrisomidae;Neoclinus;Neoclinus blanchardi"
"merged_fishcard_12S_all_288","Outside",NA,NA,1,NA,NA,1,0.734325601615964,"Eukaryota;Chordata;Actinopteri;Blenniiformes;Labrisomidae;Neoclinus;Neoclinus blanchardi"
"merged_fishcard_12S_all_29","Edge",NA,1,NA,NA,1,NA,0.734382671137457,"Eukaryota;Chordata;Actinopteri;Blenniiformes;Clinidae;Heterostichus;Heterostichus rostratus"
"merged_fishcard_12S_all_29","MPA",3,2,2,3,2,2,0.993882714560078,"Eukaryota;Chordata;Actinopteri;Blenniiformes;Clinidae;Heterostichus;Heterostichus rostratus"
"merged_fishcard_12S_all_29","Outside",1,NA,2,1,NA,2,0.943849410606967,"Eukaryota;Chordata;Actinopteri;Blenniiformes;Clinidae;Heterostichus;Heterostichus rostratus"
"merged_fishcard_12S_all_290","MPA",NA,2,NA,NA,2,NA,0.924910876775914,""
"merged_fishcard_12S_all_290","Outside",NA,NA,2,NA,NA,2,0.92083875248564,""
"merged_fishcard_12S_all_292","MPA",1,NA,NA,1,NA,NA,0.735133473329824,"Eukaryota;Chordata;Actinopteri;Perciformes;Serranidae;Paralabrax;Paralabrax clathratus"
"merged_fishcard_12S_all_293","Edge",1,NA,1,1,NA,1,0.796926023984852,""
"merged_fishcard_12S_all_293","MPA",1,NA,NA,1,NA,NA,0.735133473329824,""
"merged_fishcard_12S_all_293","Outside",1,2,1,1,2,1,0.952175227439511,""
"merged_fishcard_12S_all_294","Outside",NA,1,NA,NA,1,NA,0.734382671137457,"Eukaryota;Chordata;Actinopteri;Anguilliformes;Muraenidae;Gymnothorax;Gymnothorax mordax"
"merged_fishcard_12S_all_295","Edge",NA,2,NA,NA,2,NA,0.924910876775914,""
"merged_fishcard_12S_all_295","MPA",2,NA,1,2,NA,1,0.954067009184348,""
"merged_fishcard_12S_all_297","Edge",2,3,2,2,3,2,0.994750620061707,""
"merged_fishcard_12S_all_298","Edge",NA,2,NA,NA,2,NA,0.924910876775914,""
"merged_fishcard_12S_all_298","MPA",2,NA,NA,2,NA,NA,0.942760459461141,""
"merged_fishcard_12S_all_298","Outside",1,2,1,1,2,1,0.952175227439511,""
"merged_fishcard_12S_all_299","Outside",NA,1,NA,NA,1,NA,0.734382671137457,""
"merged_fishcard_12S_all_3","Edge",3,1,3,3,1,3,0.992410523685441,"Eukaryota;Chordata;Actinopteri;Centrarchiformes;Kyphosidae;Girella;Girella nigricans"
"merged_fishcard_12S_all_3","MPA",3,3,3,3,3,3,0.997292472278815,"Eukaryota;Chordata;Actinopteri;Centrarchiformes;Kyphosidae;Girella;Girella nigricans"
"merged_fishcard_12S_all_3","Outside",3,3,3,3,3,3,0.997292472278815,"Eukaryota;Chordata;Actinopteri;Centrarchiformes;Kyphosidae;Girella;Girella nigricans"
"merged_fishcard_12S_all_300","Edge",3,3,3,3,3,3,0.997292472278815,""
"merged_fishcard_12S_all_300","MPA",3,NA,1,3,NA,1,0.987455861530081,""
"merged_fishcard_12S_all_300","Outside",1,3,3,1,3,3,0.994209813542055,""
"merged_fishcard_12S_all_302","MPA",1,NA,NA,1,NA,NA,0.735133473329824,"Eukaryota;Chordata;Actinopteri;Acanthuriformes;Acanthuridae;Acanthurus;Acanthurus xanthopterus"
"merged_fishcard_12S_all_306","MPA",NA,NA,1,NA,NA,1,0.734325601615964,""
"merged_fishcard_12S_all_308","Edge",3,3,2,3,3,2,0.994292247228821,""
"merged_fishcard_12S_all_308","MPA",NA,NA,1,NA,NA,1,0.734325601615964,""
"merged_fishcard_12S_all_308","Outside",1,2,2,1,2,2,0.959487355266571,""
"merged_fishcard_12S_all_31","Edge",3,3,3,3,3,3,0.997292472278815,""
"merged_fishcard_12S_all_31","MPA",3,3,3,3,3,3,0.997292472278815,""
"merged_fishcard_12S_all_31","Outside",3,3,3,3,3,3,0.997292472278815,""
"merged_fishcard_12S_all_310","Edge",2,2,2,2,2,2,0.96457767921247,""
"merged_fishcard_12S_all_310","MPA",NA,1,NA,NA,1,NA,0.734382671137457,""
"merged_fishcard_12S_all_311","Edge",NA,1,NA,NA,1,NA,0.734382671137457,""
"merged_fishcard_12S_all_311","MPA",1,NA,NA,1,NA,NA,0.735133473329824,""
"merged_fishcard_12S_all_311","Outside",NA,1,3,NA,1,3,0.992874316311953,""
"merged_fishcard_12S_all_315","Edge",2,3,3,2,3,3,0.996885168275353,""
"merged_fishcard_12S_all_315","MPA",3,2,NA,3,2,NA,0.992094831143061,""
"merged_fishcard_12S_all_315","Outside",NA,1,1,NA,1,1,0.792237827177014,""
"merged_fishcard_12S_all_317","Edge",1,NA,NA,1,NA,NA,0.735133473329824,"Eukaryota;Chordata;Actinopteri;Labriformes;Labridae;Halichoeres;Halichoeres semicinctus"
"merged_fishcard_12S_all_317","MPA",NA,1,NA,NA,1,NA,0.734382671137457,"Eukaryota;Chordata;Actinopteri;Labriformes;Labridae;Halichoeres;Halichoeres semicinctus"
"merged_fishcard_12S_all_32","Edge",3,3,3,3,3,3,0.997292472278815,""
"merged_fishcard_12S_all_32","MPA",3,3,3,3,3,3,0.997292472278815,""
"merged_fishcard_12S_all_32","Outside",3,3,3,3,3,3,0.997292472278815,""
"merged_fishcard_12S_all_320","Outside",NA,NA,1,NA,NA,1,0.734325601615964,"Eukaryota;Chordata;Actinopteri;Perciformes;Cottidae;;"
"merged_fishcard_12S_all_323","MPA",1,NA,NA,1,NA,NA,0.735133473329824,"Eukaryota;Chordata;Actinopteri;Scombriformes;Stromateidae;Peprilus;Peprilus simillimus"
"merged_fishcard_12S_all_327","Edge",NA,2,NA,NA,2,NA,0.924910876775914,""
"merged_fishcard_12S_all_328","Outside",NA,2,2,NA,2,2,0.955416521858118,""
"merged_fishcard_12S_all_330","Edge",3,3,3,3,3,3,0.997292472278815,"Eukaryota;Chordata;Chondrichthyes;Myliobatiformes;Myliobatidae;Myliobatis;Myliobatis californica"
"merged_fishcard_12S_all_330","MPA",2,NA,1,2,NA,1,0.954067009184348,"Eukaryota;Chordata;Chondrichthyes;Myliobatiformes;Myliobatidae;Myliobatis;Myliobatis californica"
"merged_fishcard_12S_all_330","Outside",1,2,2,1,2,2,0.959487355266571,"Eukaryota;Chordata;Chondrichthyes;Myliobatiformes;Myliobatidae;Myliobatis;Myliobatis californica"
"merged_fishcard_12S_all_332","Edge",2,1,2,2,1,2,0.959834729939388,""
"merged_fishcard_12S_all_332","MPA",2,1,3,2,1,3,0.99194794020849,""
"merged_fishcard_12S_all_332","Outside",NA,1,1,NA,1,1,0.792237827177014,""
"merged_fishcard_12S_all_333","Edge",NA,2,NA,NA,2,NA,0.924910876775914,"Eukaryota;Chordata;Actinopteri;Perciformes;Sebastidae;Sebastes;"
"merged_fishcard_12S_all_333","MPA",1,NA,NA,1,NA,NA,0.735133473329824,"Eukaryota;Chordata;Actinopteri;Perciformes;Sebastidae;Sebastes;"
"merged_fishcard_12S_all_333","Outside",1,NA,1,1,NA,1,0.796926023984852,"Eukaryota;Chordata;Actinopteri;Perciformes;Sebastidae;Sebastes;"
"merged_fishcard_12S_all_334","Outside",NA,1,NA,NA,1,NA,0.734382671137457,"Eukaryota;Chordata;Actinopteri;Salmoniformes;Salmonidae;Oncorhynchus;Oncorhynchus tshawytscha"
"merged_fishcard_12S_all_337","Edge",NA,2,2,NA,2,2,0.955416521858118,""
"merged_fishcard_12S_all_337","Outside",NA,1,NA,NA,1,NA,0.734382671137457,""
"merged_fishcard_12S_all_338","Edge",1,NA,1,1,NA,1,0.796926023984852,""
"merged_fishcard_12S_all_338","Outside",NA,NA,1,NA,NA,1,0.734325601615964,""
"merged_fishcard_12S_all_339","Outside",NA,1,1,NA,1,1,0.792237827177014,""
"merged_fishcard_12S_all_344","MPA",1,NA,NA,1,NA,NA,0.735133473329824,"Eukaryota;Chordata;Actinopteri;Clupeiformes;Engraulidae;Engraulis;Engraulis mordax"
"merged_fishcard_12S_all_349","Outside",NA,1,NA,NA,1,NA,0.734382671137457,"Eukaryota;Chordata;Actinopteri;Labriformes;Labridae;Oxyjulis;Oxyjulis californica"
"merged_fishcard_12S_all_35","Outside",1,NA,2,1,NA,2,0.943849410606967,"Eukaryota;Chordata;Actinopteri;Blenniiformes;Labrisomidae;Paraclinus;Paraclinus integripinnis"
"merged_fishcard_12S_all_350","Edge",1,2,NA,1,2,NA,0.942589036086986,""
"merged_fishcard_12S_all_350","Outside",1,NA,NA,1,NA,NA,0.735133473329824,""
"merged_fishcard_12S_all_351","Outside",1,NA,NA,1,NA,NA,0.735133473329824,"Eukaryota;Chordata;Actinopteri;Pleuronectiformes;Paralichthyidae;Citharichthys;Citharichthys sordidus"
"merged_fishcard_12S_all_354","Edge",NA,1,NA,NA,1,NA,0.734382671137457,"Eukaryota;Chordata;Actinopteri;Clupeiformes;Engraulidae;Engraulis;Engraulis mordax"
"merged_fishcard_12S_all_357","Edge",NA,NA,1,NA,NA,1,0.734325601615964,""
"merged_fishcard_12S_all_36","Edge",2,3,1,2,3,1,0.990765285862643,"Eukaryota;Chordata;Actinopteri;;Embiotocidae;Embiotoca;Embiotoca jacksoni"
"merged_fishcard_12S_all_36","MPA",1,2,2,1,2,2,0.959487355266571,"Eukaryota;Chordata;Actinopteri;;Embiotocidae;Embiotoca;Embiotoca jacksoni"
"merged_fishcard_12S_all_36","Outside",2,2,3,2,2,3,0.993574640354125,"Eukaryota;Chordata;Actinopteri;;Embiotocidae;Embiotoca;Embiotoca jacksoni"
"merged_fishcard_12S_all_360","Edge",NA,NA,1,NA,NA,1,0.734325601615964,""
"merged_fishcard_12S_all_363","Edge",3,2,1,3,2,1,0.993158272948884,""
"merged_fishcard_12S_all_363","MPA",1,NA,NA,1,NA,NA,0.735133473329824,""
"merged_fishcard_12S_all_363","Outside",1,2,1,1,2,1,0.952175227439511,""
"merged_fishcard_12S_all_364","MPA",1,NA,NA,1,NA,NA,0.735133473329824,"Eukaryota;Chordata;Actinopteri;Labriformes;Labridae;Oxyjulis;Oxyjulis californica"
"merged_fishcard_12S_all_365","MPA",NA,1,NA,NA,1,NA,0.734382671137457,""
"merged_fishcard_12S_all_369","Outside",2,NA,NA,2,NA,NA,0.942760459461141,"Eukaryota;Chordata;Actinopteri;Perciformes;Cottidae;Ruscarius;Ruscarius creaseri"
"merged_fishcard_12S_all_37","Edge",NA,NA,1,NA,NA,1,0.734325601615964,"Eukaryota;Chordata;Actinopteri;Atheriniformes;Atherinopsidae;Atherinops;Atherinops affinis"
"merged_fishcard_12S_all_37","Outside",NA,NA,2,NA,NA,2,0.92083875248564,"Eukaryota;Chordata;Actinopteri;Atheriniformes;Atherinopsidae;Atherinops;Atherinops affinis"
"merged_fishcard_12S_all_370","Outside",NA,NA,1,NA,NA,1,0.734325601615964,"Eukaryota;Chordata;Actinopteri;Perciformes;Serranidae;Paralabrax;Paralabrax clathratus"
"merged_fishcard_12S_all_372","Outside",NA,1,NA,NA,1,NA,0.734382671137457,"Eukaryota;Chordata;Actinopteri;Perciformes;Serranidae;Paralabrax;"
"merged_fishcard_12S_all_374","Outside",NA,1,NA,NA,1,NA,0.734382671137457,"Eukaryota;Chordata;Actinopteri;Pleuronectiformes;Paralichthyidae;Citharichthys;Citharichthys stigmaeus"
"merged_fishcard_12S_all_377","Outside",NA,1,NA,NA,1,NA,0.734382671137457,""
"merged_fishcard_12S_all_379","Edge",1,NA,NA,1,NA,NA,0.735133473329824,"Eukaryota;Chordata;Actinopteri;Labriformes;Labridae;Oxyjulis;Oxyjulis californica"
"merged_fishcard_12S_all_38","Outside",NA,NA,1,NA,NA,1,0.734325601615964,"Eukaryota;Chordata;Actinopteri;Blenniiformes;Labrisomidae;Paraclinus;Paraclinus integripinnis"
"merged_fishcard_12S_all_380","Edge",NA,NA,1,NA,NA,1,0.734325601615964,""
"merged_fishcard_12S_all_385","Edge",2,2,1,2,2,1,0.964587826561259,""
"merged_fishcard_12S_all_385","MPA",2,1,2,2,1,2,0.959834729939388,""
"merged_fishcard_12S_all_386","Edge",NA,NA,1,NA,NA,1,0.734325601615964,"Eukaryota;Chordata;Actinopteri;Centrarchiformes;Kyphosidae;Girella;Girella nigricans"
"merged_fishcard_12S_all_387","Edge",1,NA,NA,1,NA,NA,0.735133473329824,"Eukaryota;Chordata;Actinopteri;Clupeiformes;Engraulidae;Engraulis;Engraulis mordax"
"merged_fishcard_12S_all_392","Edge",1,NA,2,1,NA,2,0.943849410606967,""
"merged_fishcard_12S_all_392","Outside",2,1,3,2,1,3,0.99194794020849,""
"merged_fishcard_12S_all_393","Outside",NA,NA,1,NA,NA,1,0.734325601615964,"Eukaryota;Chordata;Actinopteri;Anguilliformes;Nettastomatidae;Facciolella;Facciolella gilbertii"
"merged_fishcard_12S_all_396","Edge",NA,1,1,NA,1,1,0.792237827177014,"Eukaryota;Chordata;Actinopteri;Clupeiformes;Engraulidae;Engraulis;Engraulis mordax"
"merged_fishcard_12S_all_398","Outside",NA,1,NA,NA,1,NA,0.734382671137457,"Eukaryota;Chordata;Actinopteri;Anguilliformes;Nettastomatidae;Facciolella;Facciolella gilbertii"
"merged_fishcard_12S_all_4","Edge",3,3,3,3,3,3,0.997292472278815,"Eukaryota;Chordata;Actinopteri;Labriformes;Labridae;Semicossyphus;Semicossyphus pulcher"
"merged_fishcard_12S_all_4","MPA",3,3,2,3,3,2,0.994292247228821,"Eukaryota;Chordata;Actinopteri;Labriformes;Labridae;Semicossyphus;Semicossyphus pulcher"
"merged_fishcard_12S_all_4","Outside",3,3,3,3,3,3,0.997292472278815,"Eukaryota;Chordata;Actinopteri;Labriformes;Labridae;Semicossyphus;Semicossyphus pulcher"
"merged_fishcard_12S_all_40","Outside",NA,1,NA,NA,1,NA,0.734382671137457,"Eukaryota;Chordata;Actinopteri;Centrarchiformes;Kyphosidae;Hermosilla;Hermosilla azurea"
"merged_fishcard_12S_all_400","Edge",NA,1,NA,NA,1,NA,0.734382671137457,"Eukaryota;Chordata;Actinopteri;;Embiotocidae;Embiotoca;Embiotoca jacksoni"
"merged_fishcard_12S_all_403","Edge",1,NA,NA,1,NA,NA,0.735133473329824,""
"merged_fishcard_12S_all_403","MPA",2,1,NA,2,1,NA,0.942242072652497,""
"merged_fishcard_12S_all_404","Edge",2,NA,NA,2,NA,NA,0.942760459461141,""
"merged_fishcard_12S_all_406","Edge",1,NA,NA,1,NA,NA,0.735133473329824,"Eukaryota;Chordata;Actinopteri;NA;Sphyraenidae;Sphyraena;Sphyraena argentea"
"merged_fishcard_12S_all_41","Edge",NA,2,NA,NA,2,NA,0.924910876775914,""
"merged_fishcard_12S_all_41","MPA",1,1,NA,1,1,NA,0.799045380772025,""
"merged_fishcard_12S_all_410","MPA",1,NA,NA,1,NA,NA,0.735133473329824,"Eukaryota;Chordata;Actinopteri;Perciformes;Serranidae;Paralabrax;Paralabrax clathratus"
"merged_fishcard_12S_all_413","Edge",2,1,NA,2,1,NA,0.942242072652497,""
"merged_fishcard_12S_all_413","MPA",2,1,NA,2,1,NA,0.942242072652497,""
"merged_fishcard_12S_all_413","Outside",NA,1,NA,NA,1,NA,0.734382671137457,""
"merged_fishcard_12S_all_418","Edge",1,NA,NA,1,NA,NA,0.735133473329824,"Eukaryota;Chordata;Actinopteri;NA;Sphyraenidae;Sphyraena;Sphyraena argentea"
"merged_fishcard_12S_all_419","Outside",NA,NA,1,NA,NA,1,0.734325601615964,"Eukaryota;Chordata;Actinopteri;Perciformes;Cottidae;Ruscarius;Ruscarius creaseri"
"merged_fishcard_12S_all_423","Edge",NA,NA,1,NA,NA,1,0.734325601615964,"Eukaryota;Chordata;Actinopteri;Perciformes;Bathymasteridae;Rathbunella;Rathbunella hypoplecta"
"merged_fishcard_12S_all_424","Edge",2,2,1,2,2,1,0.964587826561259,""
"merged_fishcard_12S_all_424","MPA",1,NA,NA,1,NA,NA,0.735133473329824,""
"merged_fishcard_12S_all_424","Outside",NA,3,NA,NA,3,NA,0.988795301123611,""
"merged_fishcard_12S_all_425","Edge",3,3,1,3,3,1,0.994481548722595,""
"merged_fishcard_12S_all_425","MPA",1,NA,NA,1,NA,NA,0.735133473329824,""
"merged_fishcard_12S_all_425","Outside",NA,1,1,NA,1,1,0.792237827177014,""
"merged_fishcard_12S_all_427","MPA",1,NA,NA,1,NA,NA,0.735133473329824,"Eukaryota;Chordata;Actinopteri;Salmoniformes;Salmonidae;Oncorhynchus;Oncorhynchus tshawytscha"
"merged_fishcard_12S_all_43","Outside",1,3,2,1,3,2,0.991821464907354,"Eukaryota;Chordata;Actinopteri;Carangiformes;Carangidae;Seriola;Seriola lalandi"
"merged_fishcard_12S_all_436","Edge",NA,1,NA,NA,1,NA,0.734382671137457,""
"merged_fishcard_12S_all_437","Outside",NA,NA,1,NA,NA,1,0.734325601615964,"Eukaryota;Chordata;Actinopteri;Labriformes;Labridae;Oxyjulis;Oxyjulis californica"
"merged_fishcard_12S_all_439","Edge",1,NA,NA,1,NA,NA,0.735133473329824,""
"merged_fishcard_12S_all_439","MPA",1,1,NA,1,1,NA,0.799045380772025,""
"merged_fishcard_12S_all_44","Edge",3,3,3,3,3,3,0.997292472278815,""
"merged_fishcard_12S_all_44","MPA",3,1,2,3,1,2,0.990636308359107,""
"merged_fishcard_12S_all_44","Outside",3,3,3,3,3,3,0.997292472278815,""
"merged_fishcard_12S_all_440","Edge",NA,1,1,NA,1,1,0.792237827177014,""
"merged_fishcard_12S_all_440","MPA",1,NA,NA,1,NA,NA,0.735133473329824,""
"merged_fishcard_12S_all_441","Edge",1,3,1,1,3,1,0.993399614841235,""
"merged_fishcard_12S_all_441","Outside",NA,1,NA,NA,1,NA,0.734382671137457,""
"merged_fishcard_12S_all_442","Edge",NA,1,1,NA,1,1,0.792237827177014,""
"merged_fishcard_12S_all_442","MPA",NA,NA,2,NA,NA,2,0.92083875248564,""
"merged_fishcard_12S_all_443","Edge",1,1,NA,1,1,NA,0.799045380772025,""
"merged_fishcard_12S_all_443","Outside",1,NA,NA,1,NA,NA,0.735133473329824,""
"merged_fishcard_12S_all_448","MPA",NA,NA,1,NA,NA,1,0.734325601615964,"Eukaryota;Chordata;Actinopteri;Labriformes;Labridae;Halichoeres;Halichoeres semicinctus"
"merged_fishcard_12S_all_45","Edge",3,3,3,3,3,3,0.997292472278815,""
"merged_fishcard_12S_all_45","MPA",3,NA,2,3,NA,2,0.993044831347511,""
"merged_fishcard_12S_all_450","Edge",1,2,1,1,2,1,0.952175227439511,""
"merged_fishcard_12S_all_450","Outside",NA,1,NA,NA,1,NA,0.734382671137457,""
"merged_fishcard_12S_all_452","Edge",NA,NA,1,NA,NA,1,0.734325601615964,"Eukaryota;Chordata;Chondrichthyes;Heterodontiformes;Heterodontidae;Heterodontus;Heterodontus francisci"
"merged_fishcard_12S_all_452","Outside",NA,NA,2,NA,NA,2,0.92083875248564,"Eukaryota;Chordata;Chondrichthyes;Heterodontiformes;Heterodontidae;Heterodontus;Heterodontus francisci"
"merged_fishcard_12S_all_453","Edge",NA,1,NA,NA,1,NA,0.734382671137457,"Eukaryota;Chordata;Actinopteri;Labriformes;Labridae;Oxyjulis;Oxyjulis californica"
"merged_fishcard_12S_all_457","Edge",1,1,NA,1,1,NA,0.799045380772025,""
"merged_fishcard_12S_all_457","MPA",2,NA,NA,2,NA,NA,0.942760459461141,""
"merged_fishcard_12S_all_46","Outside",NA,1,2,NA,1,2,0.941920341468675,"Eukaryota;Chordata;Actinopteri;Labriformes;Labridae;Halichoeres;Halichoeres semicinctus"
"merged_fishcard_12S_all_464","Edge",1,1,1,1,1,1,0.832921686603231,""
"merged_fishcard_12S_all_464","MPA",1,NA,NA,1,NA,NA,0.735133473329824,""
"merged_fishcard_12S_all_467","Edge",NA,NA,1,NA,NA,1,0.734325601615964,"Eukaryota;Chordata;Actinopteri;Centrarchiformes;Kyphosidae;Girella;Girella nigricans"
"merged_fishcard_12S_all_469","Edge",1,NA,NA,1,NA,NA,0.735133473329824,"Eukaryota;Chordata;Actinopteri;;Embiotocidae;Rhacochilus;Rhacochilus vacca"
"merged_fishcard_12S_all_47","Edge",1,2,NA,1,2,NA,0.942589036086986,""
"merged_fishcard_12S_all_470","Edge",1,NA,NA,1,NA,NA,0.735133473329824,"Eukaryota;Chordata;Actinopteri;Clupeiformes;Engraulidae;Engraulis;Engraulis mordax"
"merged_fishcard_12S_all_471","Edge",3,2,2,3,2,2,0.993882714560078,""
"merged_fishcard_12S_all_471","MPA",1,NA,1,1,NA,1,0.796926023984852,""
"merged_fishcard_12S_all_471","Outside",NA,3,3,NA,3,3,0.995390620409198,""
"merged_fishcard_12S_all_474","Outside",NA,1,NA,NA,1,NA,0.734382671137457,"Eukaryota;Chordata;Actinopteri;Labriformes;Labridae;Oxyjulis;Oxyjulis californica"
"merged_fishcard_12S_all_476","MPA",NA,NA,1,NA,NA,1,0.734325601615964,""
"merged_fishcard_12S_all_476","Outside",1,NA,NA,1,NA,NA,0.735133473329824,""
"merged_fishcard_12S_all_48","Edge",2,3,3,2,3,3,0.996885168275353,""
"merged_fishcard_12S_all_48","MPA",2,NA,2,2,NA,2,0.954757184208388,""
"merged_fishcard_12S_all_48","Outside",3,3,3,3,3,3,0.997292472278815,""
"merged_fishcard_12S_all_480","Outside",NA,1,1,NA,1,1,0.792237827177014,""
"merged_fishcard_12S_all_482","Edge",NA,2,NA,NA,2,NA,0.924910876775914,""
"merged_fishcard_12S_all_482","Outside",NA,1,NA,NA,1,NA,0.734382671137457,""
"merged_fishcard_12S_all_483","Edge",NA,1,NA,NA,1,NA,0.734382671137457,"Eukaryota;Chordata;Actinopteri;Clupeiformes;Engraulidae;Engraulis;Engraulis mordax"
"merged_fishcard_12S_all_486","Edge",NA,NA,1,NA,NA,1,0.734325601615964,"Eukaryota;Chordata;Mammalia;Artiodactyla;Bovidae;Bos;Bos taurus"
"merged_fishcard_12S_all_49","Edge",1,NA,NA,1,NA,NA,0.735133473329824,""
"merged_fishcard_12S_all_49","Outside",NA,2,3,NA,2,3,0.9923814647113,""
"merged_fishcard_12S_all_491","MPA",1,NA,NA,1,NA,NA,0.735133473329824,"Eukaryota;Chordata;Actinopteri;Labriformes;Labridae;Oxyjulis;Oxyjulis californica"
"merged_fishcard_12S_all_493","Edge",1,1,1,1,1,1,0.832921686603231,""
"merged_fishcard_12S_all_493","MPA",1,NA,NA,1,NA,NA,0.735133473329824,""
"merged_fishcard_12S_all_498","Edge",1,NA,NA,1,NA,NA,0.735133473329824,""
"merged_fishcard_12S_all_498","MPA",1,NA,NA,1,NA,NA,0.735133473329824,""
"merged_fishcard_12S_all_498","Outside",NA,NA,2,NA,NA,2,0.92083875248564,""
"merged_fishcard_12S_all_5","Edge",3,NA,2,3,NA,2,0.993044831347511,"Eukaryota;Chordata;Actinopteri;Atheriniformes;Atherinopsidae;Atherinops;Atherinops affinis"
"merged_fishcard_12S_all_5","MPA",1,2,NA,1,2,NA,0.942589036086986,"Eukaryota;Chordata;Actinopteri;Atheriniformes;Atherinopsidae;Atherinops;Atherinops affinis"
"merged_fishcard_12S_all_5","Outside",3,3,3,3,3,3,0.997292472278815,"Eukaryota;Chordata;Actinopteri;Atheriniformes;Atherinopsidae;Atherinops;Atherinops affinis"
"merged_fishcard_12S_all_50","Outside",NA,NA,1,NA,NA,1,0.734325601615964,"Eukaryota;Chordata;Actinopteri;Gobiiformes;Gobiidae;Typhlogobius;Typhlogobius californiensis"
"merged_fishcard_12S_all_500","MPA",NA,2,1,NA,2,1,0.94287838132176,""
"merged_fishcard_12S_all_502","Edge",3,2,3,3,2,3,0.996773921943271,""
"merged_fishcard_12S_all_502","MPA",1,NA,NA,1,NA,NA,0.735133473329824,""
"merged_fishcard_12S_all_502","Outside",NA,1,2,NA,1,2,0.941920341468675,""
"merged_fishcard_12S_all_504","Outside",1,3,1,1,3,1,0.993399614841235,""
"merged_fishcard_12S_all_505","Edge",1,3,3,1,3,3,0.994209813542055,""
"merged_fishcard_12S_all_505","MPA",1,NA,NA,1,NA,NA,0.735133473329824,""
"merged_fishcard_12S_all_505","Outside",1,NA,NA,1,NA,NA,0.735133473329824,""
"merged_fishcard_12S_all_506","MPA",NA,1,NA,NA,1,NA,0.734382671137457,"Eukaryota;Chordata;Actinopteri;NA;Embiotocidae;Brachyistius;Brachyistius frenatus"
"merged_fishcard_12S_all_507","Edge",3,NA,NA,3,NA,NA,0.990077333534513,""
"merged_fishcard_12S_all_508","Edge",NA,2,NA,NA,2,NA,0.924910876775914,"Eukaryota;Chordata;Actinopteri;Perciformes;Cottidae;Chitonotus;Chitonotus pugetensis"
"merged_fishcard_12S_all_51","Edge",3,3,3,3,3,3,0.997292472278815,""
"merged_fishcard_12S_all_51","MPA",3,1,3,3,1,3,0.992410523685441,""
"merged_fishcard_12S_all_51","Outside",3,3,3,3,3,3,0.997292472278815,""
"merged_fishcard_12S_all_512","Edge",NA,2,1,NA,2,1,0.94287838132176,""
"merged_fishcard_12S_all_512","Outside",NA,1,NA,NA,1,NA,0.734382671137457,""
"merged_fishcard_12S_all_513","Outside",NA,NA,2,NA,NA,2,0.92083875248564,""
"merged_fishcard_12S_all_514","Edge",NA,1,NA,NA,1,NA,0.734382671137457,""
"merged_fishcard_12S_all_517","Edge",NA,NA,1,NA,NA,1,0.734325601615964,"Eukaryota;Chordata;Actinopteri;Perciformes;Hexagrammidae;Oxylebius;Oxylebius pictus"
"merged_fishcard_12S_all_52","Edge",2,3,3,2,3,3,0.996885168275353,""
"merged_fishcard_12S_all_52","MPA",1,2,2,1,2,2,0.959487355266571,""
"merged_fishcard_12S_all_52","Outside",3,3,3,3,3,3,0.997292472278815,""
"merged_fishcard_12S_all_520","Outside",NA,NA,2,NA,NA,2,0.92083875248564,""
"merged_fishcard_12S_all_524","Edge",NA,1,NA,NA,1,NA,0.734382671137457,""
"merged_fishcard_12S_all_524","MPA",1,NA,2,1,NA,2,0.943849410606967,""
"merged_fishcard_12S_all_524","Outside",NA,1,NA,NA,1,NA,0.734382671137457,""
"merged_fishcard_12S_all_525","MPA",NA,1,NA,NA,1,NA,0.734382671137457,"Eukaryota;Chordata;Actinopteri;Beloniformes;Exocoetidae;Cheilopogon;Cheilopogon pinnatibarbatus"
"merged_fishcard_12S_all_528","Edge",NA,1,NA,NA,1,NA,0.734382671137457,"Eukaryota;Chordata;Actinopteri;Centrarchiformes;Kyphosidae;Medialuna;Medialuna californiensis"
"merged_fishcard_12S_all_529","Edge",NA,1,NA,NA,1,NA,0.734382671137457,"Eukaryota;Chordata;Actinopteri;NA;Sciaenidae;Cheilotrema;Cheilotrema saturnum"
"merged_fishcard_12S_all_53","Edge",3,3,3,3,3,3,0.997292472278815,""
"merged_fishcard_12S_all_53","MPA",3,3,3,3,3,3,0.997292472278815,""
"merged_fishcard_12S_all_53","Outside",3,3,3,3,3,3,0.997292472278815,""
"merged_fishcard_12S_all_530","MPA",NA,1,NA,NA,1,NA,0.734382671137457,"Eukaryota;Chordata;Actinopteri;Centrarchiformes;Kyphosidae;Girella;Girella nigricans"
"merged_fishcard_12S_all_532","Edge",1,NA,1,1,NA,1,0.796926023984852,""
"merged_fishcard_12S_all_533","Edge",3,2,1,3,2,1,0.993158272948884,""
"merged_fishcard_12S_all_533","MPA",1,NA,NA,1,NA,NA,0.735133473329824,""
"merged_fishcard_12S_all_537","Edge",3,2,1,3,2,1,0.993158272948884,""
"merged_fishcard_12S_all_537","MPA",1,NA,1,1,NA,1,0.796926023984852,""
"merged_fishcard_12S_all_537","Outside",NA,1,NA,NA,1,NA,0.734382671137457,""
"merged_fishcard_12S_all_538","MPA",NA,1,NA,NA,1,NA,0.734382671137457,""
"merged_fishcard_12S_all_539","Outside",1,NA,NA,1,NA,NA,0.735133473329824,"Eukaryota;Chordata;Actinopteri;Perciformes;Cottidae;Clinocottus;Clinocottus recalvus"
"merged_fishcard_12S_all_54","Edge",2,2,3,2,2,3,0.993574640354125,"Eukaryota;Chordata;Actinopteri;Pempheriformes;Polyprionidae;Stereolepis;Stereolepis gigas"
"merged_fishcard_12S_all_54","MPA",NA,NA,1,NA,NA,1,0.734325601615964,"Eukaryota;Chordata;Actinopteri;Pempheriformes;Polyprionidae;Stereolepis;Stereolepis gigas"
"merged_fishcard_12S_all_54","Outside",3,2,1,3,2,1,0.993158272948884,"Eukaryota;Chordata;Actinopteri;Pempheriformes;Polyprionidae;Stereolepis;Stereolepis gigas"
"merged_fishcard_12S_all_542","Edge",NA,1,NA,NA,1,NA,0.734382671137457,"Eukaryota;Chordata;Actinopteri;Scombriformes;Centrolophidae;Icichthys;Icichthys lockingtoni"
"merged_fishcard_12S_all_543","Edge",NA,1,2,NA,1,2,0.941920341468675,""
"merged_fishcard_12S_all_546","Edge",3,2,NA,3,2,NA,0.992094831143061,""
"merged_fishcard_12S_all_546","MPA",NA,NA,1,NA,NA,1,0.734325601615964,""
"merged_fishcard_12S_all_546","Outside",NA,2,NA,NA,2,NA,0.924910876775914,""
"merged_fishcard_12S_all_548","Edge",NA,2,NA,NA,2,NA,0.924910876775914,"Eukaryota;Chordata;Actinopteri;Gobiiformes;Gobiidae;Rhinogobiops;Rhinogobiops nicholsii"
"merged_fishcard_12S_all_548","MPA",NA,NA,1,NA,NA,1,0.734325601615964,"Eukaryota;Chordata;Actinopteri;Gobiiformes;Gobiidae;Rhinogobiops;Rhinogobiops nicholsii"
"merged_fishcard_12S_all_548","Outside",1,1,NA,1,1,NA,0.799045380772025,"Eukaryota;Chordata;Actinopteri;Gobiiformes;Gobiidae;Rhinogobiops;Rhinogobiops nicholsii"
"merged_fishcard_12S_all_549","Edge",NA,1,NA,NA,1,NA,0.734382671137457,"Eukaryota;Chordata;Actinopteri;NA;Sciaenidae;Umbrina;Umbrina roncador"
"merged_fishcard_12S_all_55","MPA",NA,NA,1,NA,NA,1,0.734325601615964,""
"merged_fishcard_12S_all_550","MPA",1,NA,NA,1,NA,NA,0.735133473329824,"Eukaryota;Chordata;Actinopteri;;Embiotocidae;Rhacochilus;Rhacochilus vacca"
"merged_fishcard_12S_all_556","Outside",1,NA,NA,1,NA,NA,0.735133473329824,"Eukaryota;Chordata;Actinopteri;Blenniiformes;Gobiesocidae;Gobiesox;Gobiesox rhessodon"
"merged_fishcard_12S_all_558","Edge",NA,1,1,NA,1,1,0.792237827177014,""
"merged_fishcard_12S_all_558","MPA",1,NA,NA,1,NA,NA,0.735133473329824,""
"merged_fishcard_12S_all_559","MPA",1,NA,NA,1,NA,NA,0.735133473329824,"Eukaryota;Chordata;Actinopteri;Atheriniformes;Atherinopsidae;Atherinops;Atherinops affinis"
"merged_fishcard_12S_all_56","Edge",NA,1,NA,NA,1,NA,0.734382671137457,"Eukaryota;Chordata;Actinopteri;Perciformes;Scorpaenidae;Scorpaena;Scorpaena guttata"
"merged_fishcard_12S_all_56","MPA",NA,1,1,NA,1,1,0.792237827177014,"Eukaryota;Chordata;Actinopteri;Perciformes;Scorpaenidae;Scorpaena;Scorpaena guttata"
"merged_fishcard_12S_all_564","Edge",1,NA,NA,1,NA,NA,0.735133473329824,""
"merged_fishcard_12S_all_567","Edge",1,NA,NA,1,NA,NA,0.735133473329824,""
"merged_fishcard_12S_all_567","MPA",NA,1,NA,NA,1,NA,0.734382671137457,""
"merged_fishcard_12S_all_568","Outside",1,NA,1,1,NA,1,0.796926023984852,"Eukaryota;Chordata;Actinopteri;Perciformes;Sebastidae;Sebastes;"
"merged_fishcard_12S_all_569","Edge",1,NA,NA,1,NA,NA,0.735133473329824,""
"merged_fishcard_12S_all_57","Edge",1,NA,NA,1,NA,NA,0.735133473329824,"Eukaryota;Chordata;Actinopteri;Blenniiformes;Gobiesocidae;Gobiesox;Gobiesox rhessodon"
"merged_fishcard_12S_all_57","Outside",1,2,NA,1,2,NA,0.942589036086986,"Eukaryota;Chordata;Actinopteri;Blenniiformes;Gobiesocidae;Gobiesox;Gobiesox rhessodon"
"merged_fishcard_12S_all_571","Outside",NA,1,NA,NA,1,NA,0.734382671137457,""
"merged_fishcard_12S_all_572","MPA",NA,1,NA,NA,1,NA,0.734382671137457,""
"merged_fishcard_12S_all_572","Outside",NA,NA,1,NA,NA,1,0.734325601615964,""
"merged_fishcard_12S_all_575","Edge",2,NA,NA,2,NA,NA,0.942760459461141,""
"merged_fishcard_12S_all_58","Edge",3,3,3,3,3,3,0.997292472278815,""
"merged_fishcard_12S_all_58","MPA",3,3,3,3,3,3,0.997292472278815,""
"merged_fishcard_12S_all_58","Outside",3,3,3,3,3,3,0.997292472278815,""
"merged_fishcard_12S_all_580","Edge",3,3,2,3,3,2,0.994292247228821,""
"merged_fishcard_12S_all_580","MPA",2,NA,NA,2,NA,NA,0.942760459461141,""
"merged_fishcard_12S_all_580","Outside",NA,1,NA,NA,1,NA,0.734382671137457,""
"merged_fishcard_12S_all_582","MPA",1,1,NA,1,1,NA,0.799045380772025,"Eukaryota;Chordata;Actinopteri;Carangiformes;Carangidae;Trachurus;Trachurus symmetricus"
"merged_fishcard_12S_all_584","Edge",1,NA,NA,1,NA,NA,0.735133473329824,"Eukaryota;Chordata;Actinopteri;Pleuronectiformes;Paralichthyidae;Citharichthys;Citharichthys sordidus"
"merged_fishcard_12S_all_586","Edge",1,2,1,1,2,1,0.952175227439511,""
"merged_fishcard_12S_all_586","Outside",NA,3,1,NA,3,1,0.993080068673672,""
"merged_fishcard_12S_all_59","Edge",1,NA,NA,1,NA,NA,0.735133473329824,"Eukaryota;Chordata;Actinopteri;Perciformes;Cottidae;Ruscarius;Ruscarius creaseri"
"merged_fishcard_12S_all_59","MPA",NA,2,NA,NA,2,NA,0.924910876775914,"Eukaryota;Chordata;Actinopteri;Perciformes;Cottidae;Ruscarius;Ruscarius creaseri"
"merged_fishcard_12S_all_59","Outside",2,3,2,2,3,2,0.994750620061707,"Eukaryota;Chordata;Actinopteri;Perciformes;Cottidae;Ruscarius;Ruscarius creaseri"
"merged_fishcard_12S_all_590","Edge",1,NA,NA,1,NA,NA,0.735133473329824,"Eukaryota;Chordata;Actinopteri;NA;Sphyraenidae;Sphyraena;Sphyraena argentea"
"merged_fishcard_12S_all_592","Edge",NA,NA,1,NA,NA,1,0.734325601615964,""
"merged_fishcard_12S_all_593","Edge",NA,1,NA,NA,1,NA,0.734382671137457,""
"merged_fishcard_12S_all_593","MPA",1,NA,NA,1,NA,NA,0.735133473329824,""
"merged_fishcard_12S_all_595","Edge",NA,1,NA,NA,1,NA,0.734382671137457,"Eukaryota;Chordata;Actinopteri;Beloniformes;Exocoetidae;Cheilopogon;Cheilopogon pinnatibarbatus"
"merged_fishcard_12S_all_596","Outside",1,NA,NA,1,NA,NA,0.735133473329824,"Eukaryota;Chordata;Actinopteri;Salmoniformes;Salmonidae;Oncorhynchus;Oncorhynchus tshawytscha"
"merged_fishcard_12S_all_598","Outside",1,NA,NA,1,NA,NA,0.735133473329824,"Eukaryota;Chordata;Actinopteri;Salmoniformes;Salmonidae;Oncorhynchus;"
"merged_fishcard_12S_all_6","Edge",3,2,1,3,2,1,0.993158272948884,"Eukaryota;Chordata;Actinopteri;Centrarchiformes;Kyphosidae;Medialuna;Medialuna californiensis"
"merged_fishcard_12S_all_6","MPA",1,2,2,1,2,2,0.959487355266571,"Eukaryota;Chordata;Actinopteri;Centrarchiformes;Kyphosidae;Medialuna;Medialuna californiensis"
"merged_fishcard_12S_all_6","Outside",2,1,2,2,1,2,0.959834729939388,"Eukaryota;Chordata;Actinopteri;Centrarchiformes;Kyphosidae;Medialuna;Medialuna californiensis"
"merged_fishcard_12S_all_600","Edge",NA,NA,1,NA,NA,1,0.734325601615964,""
"merged_fishcard_12S_all_601","MPA",1,NA,NA,1,NA,NA,0.735133473329824,""
"merged_fishcard_12S_all_602","MPA",NA,1,NA,NA,1,NA,0.734382671137457,"Eukaryota;Chordata;Actinopteri;Perciformes;Serranidae;Paralabrax;Paralabrax clathratus"
"merged_fishcard_12S_all_605","Edge",NA,NA,1,NA,NA,1,0.734325601615964,"Eukaryota;Chordata;Actinopteri;Aulopiformes;Synodontidae;Synodus;Synodus lucioceps"
"merged_fishcard_12S_all_607","Edge",NA,1,NA,NA,1,NA,0.734382671137457,"Eukaryota;Chordata;Actinopteri;Clupeiformes;Engraulidae;Engraulis;Engraulis mordax"
"merged_fishcard_12S_all_61","Edge",3,3,3,3,3,3,0.997292472278815,""
"merged_fishcard_12S_all_61","MPA",3,2,2,3,2,2,0.993882714560078,""
"merged_fishcard_12S_all_61","Outside",3,3,3,3,3,3,0.997292472278815,""
"merged_fishcard_12S_all_610","MPA",NA,1,NA,NA,1,NA,0.734382671137457,"Eukaryota;Chordata;Actinopteri;Ophidiiformes;Ophidiidae;Chilara;Chilara taylori"
"merged_fishcard_12S_all_611","Outside",1,1,NA,1,1,NA,0.799045380772025,""
"merged_fishcard_12S_all_614","Outside",NA,1,NA,NA,1,NA,0.734382671137457,"Eukaryota;Chordata;Actinopteri;Lutjaniformes;Lutjanidae;Lutjanus;Lutjanus novemfasciatus"
"merged_fishcard_12S_all_616","Outside",NA,NA,1,NA,NA,1,0.734325601615964,""
"merged_fishcard_12S_all_62","Edge",3,3,3,3,3,3,0.997292472278815,""
"merged_fishcard_12S_all_62","MPA",3,NA,2,3,NA,2,0.993044831347511,""
"merged_fishcard_12S_all_62","Outside",2,3,3,2,3,3,0.996885168275353,""
"merged_fishcard_12S_all_620","Edge",1,NA,NA,1,NA,NA,0.735133473329824,"Eukaryota;Chordata;Actinopteri;Beloniformes;Exocoetidae;Cheilopogon;Cheilopogon pinnatibarbatus"
"merged_fishcard_12S_all_624","Edge",1,NA,NA,1,NA,NA,0.735133473329824,""
"merged_fishcard_12S_all_624","MPA",1,NA,NA,1,NA,NA,0.735133473329824,""
"merged_fishcard_12S_all_624","Outside",NA,NA,1,NA,NA,1,0.734325601615964,""
"merged_fishcard_12S_all_628","Edge",2,NA,NA,2,NA,NA,0.942760459461141,""
"merged_fishcard_12S_all_628","MPA",1,NA,NA,1,NA,NA,0.735133473329824,""
"merged_fishcard_12S_all_628","Outside",NA,2,1,NA,2,1,0.94287838132176,""
"merged_fishcard_12S_all_629","Edge",1,NA,NA,1,NA,NA,0.735133473329824,"Eukaryota;Chordata;Actinopteri;Centrarchiformes;Kyphosidae;Medialuna;Medialuna californiensis"
"merged_fishcard_12S_all_63","Edge",3,3,2,3,3,2,0.994292247228821,""
"merged_fishcard_12S_all_63","MPA",3,NA,2,3,NA,2,0.993044831347511,""
"merged_fishcard_12S_all_63","Outside",3,2,3,3,2,3,0.996773921943271,""
"merged_fishcard_12S_all_630","Edge",NA,NA,1,NA,NA,1,0.734325601615964,""
"merged_fishcard_12S_all_631","Edge",1,1,NA,1,1,NA,0.799045380772025,""
"merged_fishcard_12S_all_633","MPA",NA,1,NA,NA,1,NA,0.734382671137457,""
"merged_fishcard_12S_all_636","Edge",1,NA,NA,1,NA,NA,0.735133473329824,""
"merged_fishcard_12S_all_637","Edge",NA,NA,1,NA,NA,1,0.734325601615964,"Eukaryota;Chordata;Actinopteri;NA;Sphyraenidae;Sphyraena;Sphyraena argentea"
"merged_fishcard_12S_all_64","Edge",NA,1,1,NA,1,1,0.792237827177014,"Eukaryota;Chordata;Actinopteri;Blenniiformes;Labrisomidae;Alloclinus;Alloclinus holderi"
"merged_fishcard_12S_all_64","MPA",NA,1,NA,NA,1,NA,0.734382671137457,"Eukaryota;Chordata;Actinopteri;Blenniiformes;Labrisomidae;Alloclinus;Alloclinus holderi"
"merged_fishcard_12S_all_640","Outside",1,NA,NA,1,NA,NA,0.735133473329824,"Eukaryota;Chordata;Actinopteri;Carangiformes;Carangidae;Seriola;Seriola lalandi"
"merged_fishcard_12S_all_642","Edge",1,NA,NA,1,NA,NA,0.735133473329824,"Eukaryota;Chordata;Actinopteri;Gobiiformes;Gobiidae;Typhlogobius;Typhlogobius californiensis"
"merged_fishcard_12S_all_643","Outside",NA,NA,1,NA,NA,1,0.734325601615964,"Eukaryota;Chordata;Actinopteri;Perciformes;Cottidae;Artedius;Artedius corallinus"
"merged_fishcard_12S_all_645","MPA",NA,NA,1,NA,NA,1,0.734325601615964,"Eukaryota;Chordata;Actinopteri;Aulopiformes;Synodontidae;Synodus;Synodus lucioceps"
"merged_fishcard_12S_all_647","Outside",NA,NA,1,NA,NA,1,0.734325601615964,""
"merged_fishcard_12S_all_649","Edge",1,2,1,1,2,1,0.952175227439511,""
"merged_fishcard_12S_all_649","MPA",2,NA,NA,2,NA,NA,0.942760459461141,""
"merged_fishcard_12S_all_650","Edge",NA,1,NA,NA,1,NA,0.734382671137457,""
"merged_fishcard_12S_all_652","Edge",NA,NA,1,NA,NA,1,0.734325601615964,""
"merged_fishcard_12S_all_653","MPA",1,NA,NA,1,NA,NA,0.735133473329824,""
"merged_fishcard_12S_all_656","Edge",2,2,1,2,2,1,0.964587826561259,""
"merged_fishcard_12S_all_660","Edge",1,NA,NA,1,NA,NA,0.735133473329824,"Eukaryota;Chordata;Mammalia;Artiodactyla;Delphinidae;;"
"merged_fishcard_12S_all_660","MPA",NA,1,NA,NA,1,NA,0.734382671137457,"Eukaryota;Chordata;Mammalia;Artiodactyla;Delphinidae;;"
"merged_fishcard_12S_all_661","Outside",NA,NA,1,NA,NA,1,0.734325601615964,""
"merged_fishcard_12S_all_663","Edge",1,NA,NA,1,NA,NA,0.735133473329824,""
"merged_fishcard_12S_all_664","Outside",1,NA,NA,1,NA,NA,0.735133473329824,""
"merged_fishcard_12S_all_666","Outside",1,NA,NA,1,NA,NA,0.735133473329824,"Eukaryota;Chordata;Actinopteri;Clupeiformes;Engraulidae;Engraulis;Engraulis mordax"
"merged_fishcard_12S_all_668","Outside",NA,3,NA,NA,3,NA,0.988795301123611,""
"merged_fishcard_12S_all_669","Edge",NA,NA,1,NA,NA,1,0.734325601615964,"Eukaryota;Chordata;Mammalia;Primates;Hominidae;Homo;Homo sapiens"
"merged_fishcard_12S_all_669","MPA",NA,NA,1,NA,NA,1,0.734325601615964,"Eukaryota;Chordata;Mammalia;Primates;Hominidae;Homo;Homo sapiens"
"merged_fishcard_12S_all_67","Edge",1,1,NA,1,1,NA,0.799045380772025,"Eukaryota;Chordata;Actinopteri;Pleuronectiformes;Paralichthyidae;Citharichthys;Citharichthys stigmaeus"
"merged_fishcard_12S_all_67","Outside",2,1,1,2,1,1,0.951235746985343,"Eukaryota;Chordata;Actinopteri;Pleuronectiformes;Paralichthyidae;Citharichthys;Citharichthys stigmaeus"
"merged_fishcard_12S_all_670","Outside",NA,NA,1,NA,NA,1,0.734325601615964,""
"merged_fishcard_12S_all_674","Edge",NA,1,1,NA,1,1,0.792237827177014,""
"merged_fishcard_12S_all_674","MPA",1,NA,NA,1,NA,NA,0.735133473329824,""
"merged_fishcard_12S_all_675","Edge",3,1,NA,3,1,NA,0.987313626160162,""
"merged_fishcard_12S_all_675","MPA",1,NA,NA,1,NA,NA,0.735133473329824,""
"merged_fishcard_12S_all_677","Edge",2,1,NA,2,1,NA,0.942242072652497,""
"merged_fishcard_12S_all_679","Edge",1,NA,NA,1,NA,NA,0.735133473329824,"Eukaryota;Chordata;Actinopteri;Pleuronectiformes;Pleuronectidae;Pleuronichthys;Pleuronichthys decurrens"
"merged_fishcard_12S_all_679","MPA",1,NA,1,1,NA,1,0.796926023984852,"Eukaryota;Chordata;Actinopteri;Pleuronectiformes;Pleuronectidae;Pleuronichthys;Pleuronichthys decurrens"
"merged_fishcard_12S_all_679","Outside",NA,1,NA,NA,1,NA,0.734382671137457,"Eukaryota;Chordata;Actinopteri;Pleuronectiformes;Pleuronectidae;Pleuronichthys;Pleuronichthys decurrens"
"merged_fishcard_12S_all_68","Edge",NA,1,NA,NA,1,NA,0.734382671137457,"Eukaryota;Chordata;Actinopteri;Scombriformes;Scombridae;Scomber;Scomber japonicus"
"merged_fishcard_12S_all_68","Outside",NA,NA,1,NA,NA,1,0.734325601615964,"Eukaryota;Chordata;Actinopteri;Scombriformes;Scombridae;Scomber;Scomber japonicus"
"merged_fishcard_12S_all_680","Edge",NA,2,1,NA,2,1,0.94287838132176,""
"merged_fishcard_12S_all_682","Outside",NA,NA,1,NA,NA,1,0.734325601615964,""
"merged_fishcard_12S_all_683","Edge",NA,1,NA,NA,1,NA,0.734382671137457,""
"merged_fishcard_12S_all_685","Edge",1,NA,NA,1,NA,NA,0.735133473329824,""
"merged_fishcard_12S_all_689","Edge",2,1,NA,2,1,NA,0.942242072652497,""
"merged_fishcard_12S_all_69","MPA",3,2,NA,3,2,NA,0.992094831143061,"Eukaryota;Chordata;Actinopteri;NA;Embiotocidae;Brachyistius;Brachyistius frenatus"
"merged_fishcard_12S_all_69","Outside",NA,NA,2,NA,NA,2,0.92083875248564,"Eukaryota;Chordata;Actinopteri;NA;Embiotocidae;Brachyistius;Brachyistius frenatus"
"merged_fishcard_12S_all_690","Edge",1,NA,NA,1,NA,NA,0.735133473329824,""
"merged_fishcard_12S_all_693","Edge",3,3,2,3,3,2,0.994292247228821,""
"merged_fishcard_12S_all_693","MPA",1,NA,1,1,NA,1,0.796926023984852,""
"merged_fishcard_12S_all_693","Outside",NA,1,2,NA,1,2,0.941920341468675,""
"merged_fishcard_12S_all_694","Outside",1,NA,1,1,NA,1,0.796926023984852,""
"merged_fishcard_12S_all_695","Outside",1,NA,NA,1,NA,NA,0.735133473329824,"Eukaryota;Chordata;Actinopteri;Labriformes;Labridae;Oxyjulis;Oxyjulis californica"
"merged_fishcard_12S_all_697","MPA",NA,1,NA,NA,1,NA,0.734382671137457,"Eukaryota;Chordata;Actinopteri;Blenniiformes;Labrisomidae;Neoclinus;Neoclinus blanchardi"
"merged_fishcard_12S_all_699","Edge",NA,NA,1,NA,NA,1,0.734325601615964,""
"merged_fishcard_12S_all_7","Edge",3,3,3,3,3,3,0.997292472278815,""
"merged_fishcard_12S_all_7","MPA",3,3,3,3,3,3,0.997292472278815,""
"merged_fishcard_12S_all_7","Outside",3,3,3,3,3,3,0.997292472278815,""
"merged_fishcard_12S_all_70","Edge",NA,1,NA,NA,1,NA,0.734382671137457,"Eukaryota;Chordata;Actinopteri;NA;Pomacentridae;Hypsypops;Hypsypops rubicundus"
"merged_fishcard_12S_all_70","MPA",1,NA,1,1,NA,1,0.796926023984852,"Eukaryota;Chordata;Actinopteri;NA;Pomacentridae;Hypsypops;Hypsypops rubicundus"
"merged_fishcard_12S_all_70","Outside",1,2,NA,1,2,NA,0.942589036086986,"Eukaryota;Chordata;Actinopteri;NA;Pomacentridae;Hypsypops;Hypsypops rubicundus"
"merged_fishcard_12S_all_701","Edge",2,2,2,2,2,2,0.96457767921247,""
"merged_fishcard_12S_all_702","Edge",2,2,1,2,2,1,0.964587826561259,""
"merged_fishcard_12S_all_703","Outside",NA,1,NA,NA,1,NA,0.734382671137457,""
"merged_fishcard_12S_all_706","MPA",1,NA,NA,1,NA,NA,0.735133473329824,""
"merged_fishcard_12S_all_707","Outside",NA,1,NA,NA,1,NA,0.734382671137457,"Eukaryota;Chordata;Actinopteri;Labriformes;Labridae;Oxyjulis;Oxyjulis californica"
"merged_fishcard_12S_all_71","Edge",3,3,3,3,3,3,0.997292472278815,""
"merged_fishcard_12S_all_71","MPA",3,2,NA,3,2,NA,0.992094831143061,""
"merged_fishcard_12S_all_71","Outside",3,3,3,3,3,3,0.997292472278815,""
"merged_fishcard_12S_all_715","Edge",1,2,1,1,2,1,0.952175227439511,""
"merged_fishcard_12S_all_715","Outside",NA,NA,1,NA,NA,1,0.734325601615964,""
"merged_fishcard_12S_all_716","MPA",1,NA,NA,1,NA,NA,0.735133473329824,""
"merged_fishcard_12S_all_72","Edge",1,2,3,1,2,3,0.993248513398081,""
"merged_fishcard_12S_all_72","MPA",NA,NA,1,NA,NA,1,0.734325601615964,""
"merged_fishcard_12S_all_72","Outside",3,3,3,3,3,3,0.997292472278815,""
"merged_fishcard_12S_all_722","MPA",NA,NA,1,NA,NA,1,0.734325601615964,"Eukaryota;Chordata;Actinopteri;Pleuronectiformes;Pleuronectidae;Pleuronichthys;Pleuronichthys coenosus"
"merged_fishcard_12S_all_724","Edge",1,2,1,1,2,1,0.952175227439511,""
"merged_fishcard_12S_all_725","MPA",NA,1,NA,NA,1,NA,0.734382671137457,""
"merged_fishcard_12S_all_726","MPA",NA,NA,1,NA,NA,1,0.734325601615964,""
"merged_fishcard_12S_all_728","Edge",1,NA,NA,1,NA,NA,0.735133473329824,""
"merged_fishcard_12S_all_73","Edge",NA,1,1,NA,1,1,0.792237827177014,"Eukaryota;Chordata;Actinopteri;Beloniformes;Exocoetidae;Cheilopogon;Cheilopogon pinnatibarbatus"
"merged_fishcard_12S_all_73","MPA",NA,NA,1,NA,NA,1,0.734325601615964,"Eukaryota;Chordata;Actinopteri;Beloniformes;Exocoetidae;Cheilopogon;Cheilopogon pinnatibarbatus"
"merged_fishcard_12S_all_73","Outside",1,1,1,1,1,1,0.832921686603231,"Eukaryota;Chordata;Actinopteri;Beloniformes;Exocoetidae;Cheilopogon;Cheilopogon pinnatibarbatus"
"merged_fishcard_12S_all_731","Edge",1,2,1,1,2,1,0.952175227439511,""
"merged_fishcard_12S_all_733","Edge",NA,NA,1,NA,NA,1,0.734325601615964,"Eukaryota;Chordata;Actinopteri;Clupeiformes;Engraulidae;Engraulis;Engraulis mordax"
"merged_fishcard_12S_all_738","Edge",NA,1,1,NA,1,1,0.792237827177014,""
"merged_fishcard_12S_all_739","Outside",NA,NA,1,NA,NA,1,0.734325601615964,""
"merged_fishcard_12S_all_74","Edge",3,3,2,3,3,2,0.994292247228821,"Eukaryota;Chordata;Actinopteri;NA;Malacanthidae;Caulolatilus;Caulolatilus princeps"
"merged_fishcard_12S_all_74","MPA",2,1,1,2,1,1,0.951235746985343,"Eukaryota;Chordata;Actinopteri;NA;Malacanthidae;Caulolatilus;Caulolatilus princeps"
"merged_fishcard_12S_all_74","Outside",1,NA,1,1,NA,1,0.796926023984852,"Eukaryota;Chordata;Actinopteri;NA;Malacanthidae;Caulolatilus;Caulolatilus princeps"
"merged_fishcard_12S_all_741","Edge",1,NA,NA,1,NA,NA,0.735133473329824,""
"merged_fishcard_12S_all_741","Outside",NA,1,NA,NA,1,NA,0.734382671137457,""
"merged_fishcard_12S_all_743","Edge",NA,1,1,NA,1,1,0.792237827177014,""
"merged_fishcard_12S_all_743","Outside",1,1,NA,1,1,NA,0.799045380772025,""
"merged_fishcard_12S_all_744","Outside",NA,NA,1,NA,NA,1,0.734325601615964,"Eukaryota;Chordata;Actinopteri;;Embiotocidae;Cymatogaster;Cymatogaster aggregata"
"merged_fishcard_12S_all_747","Outside",NA,NA,1,NA,NA,1,0.734325601615964,"Eukaryota;Chordata;Actinopteri;Centrarchiformes;Kyphosidae;Girella;Girella nigricans"
"merged_fishcard_12S_all_753","Edge",1,1,NA,1,1,NA,0.799045380772025,""
"merged_fishcard_12S_all_754","MPA",1,NA,NA,1,NA,NA,0.735133473329824,""
"merged_fishcard_12S_all_755","MPA",1,NA,NA,1,NA,NA,0.735133473329824,"Eukaryota;Chordata;Actinopteri;Pleuronectiformes;Paralichthyidae;Citharichthys;Citharichthys stigmaeus"
"merged_fishcard_12S_all_756","MPA",NA,NA,1,NA,NA,1,0.734325601615964,"Eukaryota;Chordata;Actinopteri;Blenniiformes;Clinidae;Gibbonsia;"
"merged_fishcard_12S_all_76","Edge",2,3,3,2,3,3,0.996885168275353,""
"merged_fishcard_12S_all_76","MPA",3,2,3,3,2,3,0.996773921943271,""
"merged_fishcard_12S_all_76","Outside",1,NA,NA,1,NA,NA,0.735133473329824,""
"merged_fishcard_12S_all_767","Outside",NA,1,NA,NA,1,NA,0.734382671137457,""
"merged_fishcard_12S_all_769","Edge",NA,NA,1,NA,NA,1,0.734325601615964,""
"merged_fishcard_12S_all_77","Edge",NA,NA,1,NA,NA,1,0.734325601615964,"Eukaryota;Chordata;Actinopteri;NA;Embiotocidae;Rhacochilus;Rhacochilus toxotes"
"merged_fishcard_12S_all_77","MPA",NA,1,1,NA,1,1,0.792237827177014,"Eukaryota;Chordata;Actinopteri;NA;Embiotocidae;Rhacochilus;Rhacochilus toxotes"
"merged_fishcard_12S_all_77","Outside",NA,1,NA,NA,1,NA,0.734382671137457,"Eukaryota;Chordata;Actinopteri;NA;Embiotocidae;Rhacochilus;Rhacochilus toxotes"
"merged_fishcard_12S_all_770","Outside",NA,1,NA,NA,1,NA,0.734382671137457,""
"merged_fishcard_12S_all_772","Outside",1,NA,NA,1,NA,NA,0.735133473329824,"Eukaryota;Chordata;Actinopteri;Pleuronectiformes;Paralichthyidae;Citharichthys;Citharichthys sordidus"
"merged_fishcard_12S_all_773","Outside",NA,1,NA,NA,1,NA,0.734382671137457,"Eukaryota;Chordata;Actinopteri;Perciformes;Cottidae;Ruscarius;Ruscarius creaseri"
"merged_fishcard_12S_all_774","Outside",NA,1,NA,NA,1,NA,0.734382671137457,"Eukaryota;Chordata;Mammalia;Carnivora;Otariidae;Zalophus;Zalophus californianus"
"merged_fishcard_12S_all_777","Edge",NA,1,NA,NA,1,NA,0.734382671137457,""
"merged_fishcard_12S_all_778","Outside",NA,NA,1,NA,NA,1,0.734325601615964,""
"merged_fishcard_12S_all_78","Edge",NA,NA,1,NA,NA,1,0.734325601615964,""
"merged_fishcard_12S_all_78","Outside",3,3,NA,3,3,NA,0.995095139205921,""
"merged_fishcard_12S_all_780","Edge",NA,NA,1,NA,NA,1,0.734325601615964,"Eukaryota;Chordata;Actinopteri;Beloniformes;Belonidae;Strongylura;Strongylura exilis"
"merged_fishcard_12S_all_782","MPA",NA,NA,1,NA,NA,1,0.734325601615964,"Eukaryota;Chordata;Actinopteri;Pleuronectiformes;Pleuronectidae;Pleuronichthys;Pleuronichthys verticalis"
"merged_fishcard_12S_all_783","Edge",1,NA,NA,1,NA,NA,0.735133473329824,""
"merged_fishcard_12S_all_785","MPA",NA,NA,1,NA,NA,1,0.734325601615964,""
"merged_fishcard_12S_all_786","Outside",NA,NA,1,NA,NA,1,0.734325601615964,"Eukaryota;Chordata;Actinopteri;;Embiotocidae;Embiotoca;Embiotoca jacksoni"
"merged_fishcard_12S_all_79","Edge",NA,1,NA,NA,1,NA,0.734382671137457,"Eukaryota;Chordata;Actinopteri;NA;Pomacentridae;Hypsypops;Hypsypops rubicundus"
"merged_fishcard_12S_all_79","MPA",NA,1,NA,NA,1,NA,0.734382671137457,"Eukaryota;Chordata;Actinopteri;NA;Pomacentridae;Hypsypops;Hypsypops rubicundus"
"merged_fishcard_12S_all_79","Outside",1,NA,1,1,NA,1,0.796926023984852,"Eukaryota;Chordata;Actinopteri;NA;Pomacentridae;Hypsypops;Hypsypops rubicundus"
"merged_fishcard_12S_all_791","Edge",1,1,NA,1,1,NA,0.799045380772025,""
"merged_fishcard_12S_all_792","MPA",1,NA,1,1,NA,1,0.796926023984852,""
"merged_fishcard_12S_all_799","Outside",NA,NA,1,NA,NA,1,0.734325601615964,""
"merged_fishcard_12S_all_8","Edge",3,3,3,3,3,3,0.997292472278815,"Eukaryota;Chordata;Actinopteri;Labriformes;Labridae;Oxyjulis;Oxyjulis californica"
"merged_fishcard_12S_all_8","MPA",3,3,3,3,3,3,0.997292472278815,"Eukaryota;Chordata;Actinopteri;Labriformes;Labridae;Oxyjulis;Oxyjulis californica"
"merged_fishcard_12S_all_8","Outside",3,3,3,3,3,3,0.997292472278815,"Eukaryota;Chordata;Actinopteri;Labriformes;Labridae;Oxyjulis;Oxyjulis californica"
"merged_fishcard_12S_all_804","Outside",NA,NA,1,NA,NA,1,0.734325601615964,"Eukaryota;Chordata;Actinopteri;Pleuronectiformes;Pleuronectidae;Pleuronichthys;Pleuronichthys decurrens"
"merged_fishcard_12S_all_809","Edge",2,NA,NA,2,NA,NA,0.942760459461141,""
"merged_fishcard_12S_all_81","Edge",3,2,2,3,2,2,0.993882714560078,""
"merged_fishcard_12S_all_81","MPA",3,NA,NA,3,NA,NA,0.990077333534513,""
"merged_fishcard_12S_all_81","Outside",NA,1,NA,NA,1,NA,0.734382671137457,""
"merged_fishcard_12S_all_811","Edge",1,NA,NA,1,NA,NA,0.735133473329824,"Eukaryota;Chordata;Actinopteri;Labriformes;Labridae;Halichoeres;Halichoeres semicinctus"
"merged_fishcard_12S_all_814","Edge",1,NA,NA,1,NA,NA,0.735133473329824,""
"merged_fishcard_12S_all_815","Edge",NA,1,NA,NA,1,NA,0.734382671137457,""
"merged_fishcard_12S_all_816","MPA",1,NA,NA,1,NA,NA,0.735133473329824,""
"merged_fishcard_12S_all_818","Outside",NA,1,NA,NA,1,NA,0.734382671137457,""
"merged_fishcard_12S_all_82","Edge",1,NA,NA,1,NA,NA,0.735133473329824,""
"merged_fishcard_12S_all_821","Edge",NA,NA,1,NA,NA,1,0.734325601615964,"Eukaryota;Chordata;Chondrichthyes;Chimaeriformes;Chimaeridae;Hydrolagus;Hydrolagus colliei"
"merged_fishcard_12S_all_824","Outside",1,NA,NA,1,NA,NA,0.735133473329824,""
"merged_fishcard_12S_all_829","Edge",NA,1,NA,NA,1,NA,0.734382671137457,""
"merged_fishcard_12S_all_830","Outside",NA,NA,1,NA,NA,1,0.734325601615964,"Eukaryota;Chordata;Actinopteri;Carangiformes;Carangidae;Trachurus;Trachurus symmetricus"
"merged_fishcard_12S_all_834","Edge",NA,1,1,NA,1,1,0.792237827177014,""
"merged_fishcard_12S_all_835","Outside",NA,1,1,NA,1,1,0.792237827177014,""
"merged_fishcard_12S_all_836","MPA",1,NA,NA,1,NA,NA,0.735133473329824,""
"merged_fishcard_12S_all_84","Edge",3,3,3,3,3,3,0.997292472278815,""
"merged_fishcard_12S_all_84","MPA",3,1,1,3,1,1,0.994364751683123,""
"merged_fishcard_12S_all_84","Outside",3,2,3,3,2,3,0.996773921943271,""
"merged_fishcard_12S_all_840","MPA",NA,NA,1,NA,NA,1,0.734325601615964,""
"merged_fishcard_12S_all_841","Outside",NA,NA,1,NA,NA,1,0.734325601615964,"Eukaryota;Chordata;Actinopteri;Labriformes;Labridae;Semicossyphus;Semicossyphus pulcher"
"merged_fishcard_12S_all_845","Edge",NA,NA,1,NA,NA,1,0.734325601615964,"Eukaryota;Chordata;Actinopteri;Blenniiformes;Blenniidae;Hypsoblennius;Hypsoblennius jenkinsi"
"merged_fishcard_12S_all_846","Outside",NA,1,NA,NA,1,NA,0.734382671137457,""
"merged_fishcard_12S_all_848","MPA",NA,1,NA,NA,1,NA,0.734382671137457,""
"merged_fishcard_12S_all_851","Edge",1,NA,NA,1,NA,NA,0.735133473329824,"Eukaryota;Chordata;Actinopteri;Atheriniformes;Atherinopsidae;Atherinops;Atherinops affinis"
"merged_fishcard_12S_all_854","Outside",1,NA,NA,1,NA,NA,0.735133473329824,"Eukaryota;Chordata;Actinopteri;Clupeiformes;Clupeidae;Sardinops;Sardinops sagax"
"merged_fishcard_12S_all_857","Edge",1,1,1,1,1,1,0.832921686603231,""
"merged_fishcard_12S_all_859","Edge",1,NA,NA,1,NA,NA,0.735133473329824,"Eukaryota;Chordata;Actinopteri;Labriformes;Labridae;Oxyjulis;Oxyjulis californica"
"merged_fishcard_12S_all_86","Edge",3,3,3,3,3,3,0.997292472278815,""
"merged_fishcard_12S_all_86","MPA",2,NA,NA,2,NA,NA,0.942760459461141,""
"merged_fishcard_12S_all_86","Outside",NA,2,NA,NA,2,NA,0.924910876775914,""
"merged_fishcard_12S_all_860","MPA",NA,NA,1,NA,NA,1,0.734325601615964,"Eukaryota;Chordata;Actinopteri;Gobiiformes;Gobiidae;Lythrypnus;Lythrypnus zebra"
"merged_fishcard_12S_all_860","Outside",NA,NA,1,NA,NA,1,0.734325601615964,"Eukaryota;Chordata;Actinopteri;Gobiiformes;Gobiidae;Lythrypnus;Lythrypnus zebra"
"merged_fishcard_12S_all_861","Outside",NA,1,NA,NA,1,NA,0.734382671137457,""
"merged_fishcard_12S_all_864","Edge",1,NA,NA,1,NA,NA,0.735133473329824,""
"merged_fishcard_12S_all_865","MPA",NA,NA,1,NA,NA,1,0.734325601615964,""
"merged_fishcard_12S_all_866","Outside",NA,NA,1,NA,NA,1,0.734325601615964,""
"merged_fishcard_12S_all_871","Edge",NA,1,1,NA,1,1,0.792237827177014,""
"merged_fishcard_12S_all_873","Edge",NA,1,NA,NA,1,NA,0.734382671137457,"Eukaryota;Chordata;Actinopteri;Carangiformes;Carangidae;Trachurus;Trachurus symmetricus"
"merged_fishcard_12S_all_874","Edge",NA,NA,1,NA,NA,1,0.734325601615964,""
"merged_fishcard_12S_all_880","Edge",1,1,NA,1,1,NA,0.799045380772025,""
"merged_fishcard_12S_all_881","Edge",NA,NA,1,NA,NA,1,0.734325601615964,"Eukaryota;Chordata;Actinopteri;Pleuronectiformes;Pleuronectidae;Pleuronichthys;Pleuronichthys decurrens"
"merged_fishcard_12S_all_886","Edge",NA,NA,1,NA,NA,1,0.734325601615964,""
"merged_fishcard_12S_all_886","Outside",NA,NA,1,NA,NA,1,0.734325601615964,""
"merged_fishcard_12S_all_887","Edge",NA,1,NA,NA,1,NA,0.734382671137457,""
"merged_fishcard_12S_all_89","Edge",2,2,3,2,2,3,0.993574640354125,"Eukaryota;Chordata;Actinopteri;Pleuronectiformes;Paralichthyidae;Xystreurys;Xystreurys liolepis"
"merged_fishcard_12S_all_89","MPA",NA,NA,3,NA,NA,3,0.987619957121005,"Eukaryota;Chordata;Actinopteri;Pleuronectiformes;Paralichthyidae;Xystreurys;Xystreurys liolepis"
"merged_fishcard_12S_all_892","Edge",1,NA,NA,1,NA,NA,0.735133473329824,"Eukaryota;Chordata;Chondrichthyes;Carcharhiniformes;Scyliorhinidae;Cephaloscyllium;Cephaloscyllium ventriosum"
"merged_fishcard_12S_all_894","Edge",NA,1,NA,NA,1,NA,0.734382671137457,""
"merged_fishcard_12S_all_895","Edge",NA,NA,1,NA,NA,1,0.734325601615964,"Eukaryota;Chordata;Actinopteri;Pleuronectiformes;Pleuronectidae;Pleuronichthys;Pleuronichthys decurrens"
"merged_fishcard_12S_all_898","Edge",1,NA,NA,1,NA,NA,0.735133473329824,""
"merged_fishcard_12S_all_899","Outside",NA,NA,1,NA,NA,1,0.734325601615964,"Eukaryota;Chordata;Actinopteri;Blenniiformes;Labrisomidae;Paraclinus;Paraclinus integripinnis"
"merged_fishcard_12S_all_902","Edge",NA,1,NA,NA,1,NA,0.734382671137457,""
"merged_fishcard_12S_all_905","Edge",NA,1,NA,NA,1,NA,0.734382671137457,""
"merged_fishcard_12S_all_905","Outside",NA,1,NA,NA,1,NA,0.734382671137457,""
"merged_fishcard_12S_all_907","Edge",1,NA,NA,1,NA,NA,0.735133473329824,""
"merged_fishcard_12S_all_908","Edge",1,NA,NA,1,NA,NA,0.735133473329824,""
"merged_fishcard_12S_all_91","Edge",3,3,3,3,3,3,0.997292472278815,""
"merged_fishcard_12S_all_91","MPA",3,3,3,3,3,3,0.997292472278815,""
"merged_fishcard_12S_all_91","Outside",3,3,3,3,3,3,0.997292472278815,""
"merged_fishcard_12S_all_910","Edge",NA,1,NA,NA,1,NA,0.734382671137457,""
"merged_fishcard_12S_all_911","Edge",NA,1,NA,NA,1,NA,0.734382671137457,"Eukaryota;Chordata;Chondrichthyes;Myliobatiformes;Myliobatidae;Myliobatis;Myliobatis californica"
"merged_fishcard_12S_all_912","Edge",1,NA,NA,1,NA,NA,0.735133473329824,""
"merged_fishcard_12S_all_913","Outside",NA,NA,1,NA,NA,1,0.734325601615964,""
"merged_fishcard_12S_all_919","Edge",NA,1,NA,NA,1,NA,0.734382671137457,""
"merged_fishcard_12S_all_92","Outside",NA,1,NA,NA,1,NA,0.734382671137457,"Eukaryota;Chordata;Actinopteri;Pleuronectiformes;Paralichthyidae;Citharichthys;Citharichthys sordidus"
"merged_fishcard_12S_all_920","Outside",1,NA,NA,1,NA,NA,0.735133473329824,""
"merged_fishcard_12S_all_923","Edge",1,NA,NA,1,NA,NA,0.735133473329824,""
"merged_fishcard_12S_all_924","Edge",1,NA,NA,1,NA,NA,0.735133473329824,""
"merged_fishcard_12S_all_925","Edge",1,NA,NA,1,NA,NA,0.735133473329824,""
"merged_fishcard_12S_all_926","Edge",1,NA,NA,1,NA,NA,0.735133473329824,""
"merged_fishcard_12S_all_927","Edge",1,NA,NA,1,NA,NA,0.735133473329824,""
"merged_fishcard_12S_all_928","Outside",NA,1,1,NA,1,1,0.792237827177014,""
"merged_fishcard_12S_all_93","Edge",3,2,2,3,2,2,0.993882714560078,""
"merged_fishcard_12S_all_93","MPA",3,NA,3,3,NA,3,0.994942426684835,""
"merged_fishcard_12S_all_93","Outside",NA,1,NA,NA,1,NA,0.734382671137457,""
"merged_fishcard_12S_all_931","Outside",NA,NA,1,NA,NA,1,0.734325601615964,""
"merged_fishcard_12S_all_932","Outside",NA,NA,1,NA,NA,1,0.734325601615964,""
"merged_fishcard_12S_all_937","Edge",NA,1,NA,NA,1,NA,0.734382671137457,""
"merged_fishcard_12S_all_94","Outside",1,NA,NA,1,NA,NA,0.735133473329824,""
"merged_fishcard_12S_all_941","MPA",1,NA,NA,1,NA,NA,0.735133473329824,""
"merged_fishcard_12S_all_942","Outside",NA,NA,1,NA,NA,1,0.734325601615964,"Eukaryota;Chordata;Actinopteri;Gobiiformes;Gobiidae;Rhinogobiops;Rhinogobiops nicholsii"
"merged_fishcard_12S_all_946","Edge",NA,NA,1,NA,NA,1,0.734325601615964,"Eukaryota;Chordata;Chondrichthyes;;Squatinidae;Squatina;Squatina californica"
"merged_fishcard_12S_all_947","MPA",NA,NA,1,NA,NA,1,0.734325601615964,"Eukaryota;Chordata;Mammalia;Artiodactyla;Balaenopteridae;Balaenoptera;Balaenoptera musculus"
"merged_fishcard_12S_all_952","MPA",NA,NA,1,NA,NA,1,0.734325601615964,"Eukaryota;Chordata;Chondrichthyes;Myliobatiformes;Myliobatidae;Myliobatis;Myliobatis californica"
"merged_fishcard_12S_all_955","Outside",NA,NA,1,NA,NA,1,0.734325601615964,""
"merged_fishcard_12S_all_956","Outside",NA,NA,1,NA,NA,1,0.734325601615964,""
"merged_fishcard_12S_all_959","Edge",1,NA,NA,1,NA,NA,0.735133473329824,"Eukaryota;Chordata;Aves;Charadriiformes;Laridae;Larus;"
"merged_fishcard_12S_all_965","MPA",1,NA,NA,1,NA,NA,0.735133473329824,"Eukaryota;Chordata;Mammalia;Artiodactyla;Delphinidae;;"
"merged_fishcard_12S_all_966","MPA",NA,1,NA,NA,1,NA,0.734382671137457,"Eukaryota;Chordata;Actinopteri;Aulopiformes;Synodontidae;Synodus;Synodus lucioceps"
"merged_fishcard_12S_all_97","Edge",NA,1,1,NA,1,1,0.792237827177014,"Eukaryota;Chordata;Actinopteri;Pleuronectiformes;Paralichthyidae;Citharichthys;Citharichthys stigmaeus"
"merged_fishcard_12S_all_97","MPA",1,NA,NA,1,NA,NA,0.735133473329824,"Eukaryota;Chordata;Actinopteri;Pleuronectiformes;Paralichthyidae;Citharichthys;Citharichthys stigmaeus"
"merged_fishcard_12S_all_97","Outside",NA,2,1,NA,2,1,0.94287838132176,"Eukaryota;Chordata;Actinopteri;Pleuronectiformes;Paralichthyidae;Citharichthys;Citharichthys stigmaeus"
"merged_fishcard_12S_all_971","Edge",NA,1,NA,NA,1,NA,0.734382671137457,"Eukaryota;Chordata;Actinopteri;Perciformes;Serranidae;Paralabrax;Paralabrax clathratus"
"merged_fishcard_12S_all_974","Edge",2,1,NA,2,1,NA,0.942242072652497,""
"merged_fishcard_12S_all_975","Edge",NA,1,NA,NA,1,NA,0.734382671137457,""
"merged_fishcard_12S_all_976","Outside",1,NA,NA,1,NA,NA,0.735133473329824,""
"merged_fishcard_12S_all_977","Outside",NA,NA,1,NA,NA,1,0.734325601615964,"Eukaryota;Chordata;Actinopteri;Atheriniformes;Atherinopsidae;Atherinops;Atherinops affinis"
"merged_fishcard_12S_all_98","Edge",NA,NA,1,NA,NA,1,0.734325601615964,"Eukaryota;Chordata;Actinopteri;Pleuronectiformes;Paralichthyidae;Paralichthys;Paralichthys californicus"
"merged_fishcard_12S_all_98","MPA",2,2,NA,2,2,NA,0.950578326573345,"Eukaryota;Chordata;Actinopteri;Pleuronectiformes;Paralichthyidae;Paralichthys;Paralichthys californicus"
"merged_fishcard_12S_all_98","Outside",NA,1,NA,NA,1,NA,0.734382671137457,"Eukaryota;Chordata;Actinopteri;Pleuronectiformes;Paralichthyidae;Paralichthys;Paralichthys californicus"
"merged_fishcard_12S_all_981","Edge",1,NA,NA,1,NA,NA,0.735133473329824,""
"merged_fishcard_12S_all_982","Outside",NA,NA,1,NA,NA,1,0.734325601615964,"Eukaryota;Chordata;Actinopteri;;Embiotocidae;Rhacochilus;Rhacochilus vacca"
"merged_fishcard_12S_all_983","Outside",NA,NA,1,NA,NA,1,0.734325601615964,""
"merged_fishcard_12S_all_993","Outside",NA,1,NA,NA,1,NA,0.734382671137457,"Eukaryota;Chordata;Aves;Pelecaniformes;Phalacrocoracidae;Urile;Urile pelagicus"
"merged_fishcard_12S_all_999","MPA",NA,1,NA,NA,1,NA,0.734382671137457,"Eukaryota;Chordata;Actinopteri;Labriformes;Labridae;Semicossyphus;Semicossyphus pulcher"
