{"chunk_definitions":[{"chunk_id":"c9s89aypr8umm","chunk_label":"unnamed-chunk-1","document_id":"4CDC5E8E","expansion_state":0,"options":{"engine":"r","label":"unnamed-chunk-4"},"row":35,"row_count":1,"visible":true},{"chunk_id":"ctueg7qakoucv","chunk_label":"unnamed-chunk-2","document_id":"4CDC5E8E","expansion_state":0,"options":{"engine":"r","label":"unnamed-chunk-5"},"row":64,"row_count":1,"visible":true},{"chunk_id":"cw12rgc8swoux","chunk_label":"unnamed-chunk-3","document_id":"8DC264E8","expansion_state":0,"options":{"engine":"r","label":"unnamed-chunk-6"},"row":71,"row_count":1,"visible":true},{"chunk_id":"c3zpazqfagw3s","chunk_label":"unnamed-chunk-4","document_id":"4CDC5E8E","expansion_state":0,"options":{"engine":"r","label":"unnamed-chunk-7"},"row":84,"row_count":1,"visible":true},{"chunk_id":"csoge4b9yksys","chunk_label":"unnamed-chunk-5","document_id":"4CDC5E8E","expansion_state":0,"options":{"engine":"r","label":"unnamed-chunk-50"},"row":101,"row_count":1,"visible":true},{"chunk_id":"ccvr6nlncbzyn","chunk_label":"unnamed-chunk-6","document_id":"8DC264E8","expansion_state":0,"options":{},"row":128,"row_count":1,"visible":true},{"chunk_id":"c2p80ypyi4ic3","chunk_label":"unnamed-chunk-7","document_id":"8DC264E8","expansion_state":0,"options":{},"row":139,"row_count":1,"visible":true},{"chunk_id":"czqo85w0igm52","chunk_label":"unnamed-chunk-8","document_id":"4CDC5E8E","expansion_state":0,"options":{"engine":"r","label":"unnamed-chunk-66"},"row":149,"row_count":1,"visible":true},{"chunk_id":"c2zjsbp6m1lbj","chunk_label":"unnamed-chunk-9","document_id":"8DC264E8","expansion_state":0,"options":{},"row":198,"row_count":1,"visible":true},{"chunk_id":"cx49own9djdhg","chunk_label":"unnamed-chunk-10","document_id":"4CDC5E8E","expansion_state":0,"options":{"engine":"r","label":"unnamed-chunk-79"},"row":213,"row_count":1,"visible":true},{"chunk_id":"cqiyvnaxtk990","chunk_label":"unnamed-chunk-11","document_id":"4CDC5E8E","expansion_state":0,"options":{"engine":"r","label":"unnamed-chunk-80"},"row":229,"row_count":1,"visible":true},{"chunk_id":"c2i2465ww3nsp","chunk_label":"unnamed-chunk-12","document_id":"4CDC5E8E","expansion_state":0,"options":{"engine":"r","label":"unnamed-chunk-86"},"row":243,"row_count":1,"visible":true},{"chunk_id":"cwwwy67x12sr5","chunk_label":"unnamed-chunk-13","document_id":"4CDC5E8E","expansion_state":0,"options":{"engine":"r","label":"unnamed-chunk-87"},"row":252,"row_count":1,"visible":true},{"chunk_id":"cxh4mj7ixwn47","chunk_label":"unnamed-chunk-14","document_id":"4CDC5E8E","expansion_state":0,"options":{"engine":"r","label":"unnamed-chunk-88"},"row":261,"row_count":1,"visible":true},{"chunk_id":"cx67ec3ryogz6","chunk_label":"unnamed-chunk-15","document_id":"4CDC5E8E","expansion_state":0,"options":{"engine":"r","label":"unnamed-chunk-89"},"row":278,"row_count":1,"visible":true},{"chunk_id":"cxdazoh15fr0z","chunk_label":"unnamed-chunk-16","document_id":"4CDC5E8E","expansion_state":0,"options":{"engine":"r","label":"unnamed-chunk-92"},"row":286,"row_count":1,"visible":true},{"chunk_id":"cug0m91wovox7","chunk_label":"unnamed-chunk-17","document_id":"4CDC5E8E","expansion_state":0,"options":{"engine":"r","label":"unnamed-chunk-93"},"row":303,"row_count":1,"visible":true},{"chunk_id":"cg1sj5su3t89f","chunk_label":"unnamed-chunk-18","document_id":"4CDC5E8E","expansion_state":0,"options":{"engine":"r","label":"unnamed-chunk-94"},"row":315,"row_count":1,"visible":true},{"chunk_id":"c7muixy429vai","chunk_label":"unnamed-chunk-19","document_id":"4CDC5E8E","expansion_state":0,"options":{"engine":"r","label":"unnamed-chunk-107"},"row":357,"row_count":1,"visible":true},{"chunk_id":"cg165n6b7270w","chunk_label":"unnamed-chunk-20","document_id":"4CDC5E8E","expansion_state":0,"options":{"engine":"r","label":"unnamed-chunk-116"},"row":423,"row_count":1,"visible":true},{"chunk_id":"cbk2538nli3ep","chunk_label":"unnamed-chunk-21","document_id":"8DC264E8","expansion_state":0,"options":{},"row":433,"row_count":1,"visible":true},{"chunk_id":"cas6g9vxq14wv","chunk_label":"unnamed-chunk-22","document_id":"8DC264E8","expansion_state":0,"options":{},"row":453,"row_count":1,"visible":true},{"chunk_id":"cmjqe10eej82b","chunk_label":"unnamed-chunk-23","document_id":"4CDC5E8E","expansion_state":0,"options":{"engine":"r","label":"unnamed-chunk-126"},"row":468,"row_count":1,"visible":true},{"chunk_id":"cdhvct9573s37","chunk_label":"unnamed-chunk-24","document_id":"4CDC5E8E","expansion_state":0,"options":{"engine":"r","label":"unnamed-chunk-129"},"row":480,"row_count":1,"visible":true},{"chunk_id":"c017bv6i4wgme","chunk_label":"unnamed-chunk-25","document_id":"4CDC5E8E","expansion_state":0,"options":{"engine":"r","label":"unnamed-chunk-163"},"row":554,"row_count":1,"visible":true},{"chunk_id":"cer1bulg0iged","chunk_label":"unnamed-chunk-26","document_id":"4CDC5E8E","expansion_state":0,"options":{"engine":"r","label":"unnamed-chunk-164"},"row":607,"row_count":1,"visible":true},{"chunk_id":"cvr6yd2tz7t0x","chunk_label":"unnamed-chunk-27","document_id":"8DC264E8","expansion_state":0,"options":{},"row":632,"row_count":1,"visible":true},{"chunk_id":"cf9v4mkpri2rs","chunk_label":"unnamed-chunk-28","document_id":"4CDC5E8E","expansion_state":0,"options":{"engine":"r","label":"unnamed-chunk-168"},"row":644,"row_count":1,"visible":true},{"chunk_id":"cd7uy1cr2z3pi","chunk_label":"unnamed-chunk-29","document_id":"4CDC5E8E","expansion_state":0,"options":{"engine":"r","label":"unnamed-chunk-174"},"row":666,"row_count":1,"visible":true},{"chunk_id":"cc7mp7lru50a5","chunk_label":"unnamed-chunk-30","document_id":"4CDC5E8E","expansion_state":0,"options":{"engine":"r","label":"unnamed-chunk-177"},"row":676,"row_count":1,"visible":true},{"chunk_id":"chfqr3d9unc5i","chunk_label":"unnamed-chunk-32","document_id":"4CDC5E8E","expansion_state":0,"options":{"engine":"r","label":"unnamed-chunk-187"},"row":713,"row_count":1,"visible":true},{"chunk_id":"c5qftgjswgvoe","chunk_label":"unnamed-chunk-33","document_id":"4CDC5E8E","expansion_state":0,"options":{"engine":"r","label":"unnamed-chunk-257"},"row":735,"row_count":1,"visible":true},{"chunk_id":"c8qnsbdlrreab","chunk_label":"unnamed-chunk-34","document_id":"4CDC5E8E","expansion_state":0,"options":{"engine":"r","label":"unnamed-chunk-194"},"row":756,"row_count":1,"visible":true},{"chunk_id":"citowgoti9ben","chunk_label":"unnamed-chunk-35","document_id":"4CDC5E8E","expansion_state":0,"options":{"engine":"r","label":"unnamed-chunk-195"},"row":777,"row_count":1,"visible":true},{"chunk_id":"c0zlvyiq1uztg","chunk_label":"unnamed-chunk-36","document_id":"4CDC5E8E","expansion_state":0,"options":{"engine":"r","label":"unnamed-chunk-196"},"row":789,"row_count":1,"visible":true},{"chunk_id":"cthi8qe3yqk4c","chunk_label":"unnamed-chunk-37","document_id":"4CDC5E8E","expansion_state":0,"options":{"engine":"r","label":"unnamed-chunk-197"},"row":807,"row_count":1,"visible":true},{"chunk_id":"c30abjkod7vik","chunk_label":"unnamed-chunk-38","document_id":"4CDC5E8E","expansion_state":0,"options":{"engine":"R","label":"unnamed-chunk-198"},"row":817,"row_count":1,"visible":true},{"chunk_id":"c7atoy51i55sw","chunk_label":"unnamed-chunk-39","document_id":"4CDC5E8E","expansion_state":0,"options":{"engine":"r","label":"unnamed-chunk-206"},"row":865,"row_count":1,"visible":true},{"chunk_id":"c8hdycg4owu3m","chunk_label":"unnamed-chunk-40","document_id":"4CDC5E8E","expansion_state":0,"options":{"engine":"r","label":"unnamed-chunk-212"},"row":911,"row_count":1,"visible":true},{"chunk_id":"cl1uy2j5ng4hp","chunk_label":"unnamed-chunk-42","document_id":"4CDC5E8E","expansion_state":0,"options":{"engine":"r","label":"unnamed-chunk-258"},"row":966,"row_count":1,"visible":true},{"chunk_id":"cmghs6dao01l0","chunk_label":"unnamed-chunk-45","document_id":"4CDC5E8E","expansion_state":0,"options":{"engine":"r","label":"unnamed-chunk-252"},"row":1018,"row_count":1,"visible":true},{"chunk_id":"cao2tbfwh5873","chunk_label":"unnamed-chunk-46","document_id":"4CDC5E8E","expansion_state":0,"options":{"engine":"r","label":"unnamed-chunk-256"},"row":1025,"row_count":1,"visible":true},{"chunk_id":"cy3rrw9my00ih","chunk_label":"unnamed-chunk-47","document_id":"4CDC5E8E","expansion_state":0,"options":{"engine":"r","label":"unnamed-chunk-259"},"row":1042,"row_count":1,"visible":true},{"chunk_id":"caowq516gj524","chunk_label":"unnamed-chunk-48","document_id":"4CDC5E8E","expansion_state":0,"options":{"engine":"r","label":"unnamed-chunk-275"},"row":1111,"row_count":1,"visible":true},{"chunk_id":"cffz8oyu3ggrd","chunk_label":"unnamed-chunk-50","document_id":"4CDC5E8E","expansion_state":0,"options":{"engine":"r","label":"unnamed-chunk-296"},"row":1190,"row_count":1,"visible":true},{"chunk_id":"ca2r0zwc7cjk3","chunk_label":"unnamed-chunk-52","document_id":"4CDC5E8E","expansion_state":0,"options":{"engine":"r","label":"unnamed-chunk-320"},"row":1275,"row_count":1,"visible":true},{"chunk_id":"c1c4z5232byv9","chunk_label":"unnamed-chunk-54","document_id":"4CDC5E8E","expansion_state":0,"options":{"engine":"r","label":"unnamed-chunk-343"},"row":1356,"row_count":1,"visible":true},{"chunk_id":"czbrwtjvqrrfq","chunk_label":"unnamed-chunk-55","document_id":"4CDC5E8E","expansion_state":0,"options":{"engine":"r","label":"unnamed-chunk-346"},"row":1368,"row_count":1,"visible":true},{"chunk_id":"chihucwe8hrhr","chunk_label":"unnamed-chunk-56","document_id":"4CDC5E8E","expansion_state":0,"options":{"engine":"r","label":"unnamed-chunk-352"},"row":1408,"row_count":1,"visible":true},{"chunk_id":"cusui88kd0i88","chunk_label":"unnamed-chunk-57","document_id":"4CDC5E8E","expansion_state":0,"options":{"engine":"r","label":"unnamed-chunk-359"},"row":1444,"row_count":1,"visible":true}],"chunk_rendered_width":700,"doc_write_time":1605080814}