{"chunk_definitions":[{"chunk_id":"ci1qyrcwzg7jb","chunk_label":"load libraries","document_id":"5EB63D31","expansion_state":0,"options":{"engine":"r","label":"load libraries"},"row":17,"row_count":1,"visible":true},{"chunk_id":"ckr65tfkc3xn1","chunk_label":"load metadata datasets - we will be doing that for all runs","document_id":"5EB63D31","expansion_state":0,"options":{"engine":"r","label":"load metadata datasets - we will be doing that for all runs"},"row":51,"row_count":1,"visible":true}],"doc_write_time":1604295954}