{"chunk_definitions":[{"chunk_id":"c0dl80geiodwu","chunk_label":"load libraries","document_id":"D33A00E","expansion_state":0,"options":{"engine":"r","include":false,"label":"load libraries"},"row":18,"row_count":1,"visible":true},{"chunk_id":"cnho0flacurwz","chunk_label":"How.many","document_id":"D33A00E","expansion_state":0,"options":{"engine":"r","label":"How.many"},"row":29,"row_count":1,"visible":true},{"chunk_id":"cp3wff15joee3","chunk_label":"load datasets - we will be doing that for all runs","document_id":"D33A00E","expansion_state":0,"options":{"engine":"r","label":"load datasets - we will be doing that for all runs"},"row":41,"row_count":1,"visible":true}],"doc_write_time":1605075781}