sum.taxonomy,Edge,MPA,Outside,Taylor
,1,0.6908679034028731,0.5503593037508665,0.6159071038185387
Eukaryota;Chordata;Actinopteri;;;;,0,0,0,1
Eukaryota;Chordata;Actinopteri;;Embiotocidae;Cymatogaster;Cymatogaster aggregata,0,0,1,0
Eukaryota;Chordata;Actinopteri;;Embiotocidae;Embiotoca;Embiotoca jacksoni,1,0.48224639464830926,0.7842568265081323,0.1893958810468454
Eukaryota;Chordata;Actinopteri;;Embiotocidae;Rhacochilus;Rhacochilus vacca,0.4459688086119579,0.24442058440003137,1,0
Eukaryota;Chordata;Actinopteri;;Pomacentridae;Azurina;Azurina hirundo,0,0,0,1
Eukaryota;Chordata;Actinopteri;;Pomacentridae;Chromis;,0,0,0,1
Eukaryota;Chordata;Actinopteri;;Pomacentridae;Chromis;Chromis alta,0,0,0,1
Eukaryota;Chordata;Actinopteri;;Pomacentridae;Chromis;Chromis punctipinnis,1,0.23032363747231557,0.33259489809926956,0.15583047263212993
Eukaryota;Chordata;Actinopteri;Acanthuriformes;Acanthuridae;Acanthurus;Acanthurus xanthopterus,0,0.8542296557693166,1,0.485884574245899
Eukaryota;Chordata;Actinopteri;Acanthuriformes;Luvaridae;Luvarus;Luvarus imperialis,0,0,0,1
Eukaryota;Chordata;Actinopteri;Anguilliformes;;;,0,0,1,0.9743462501742282
Eukaryota;Chordata;Actinopteri;Anguilliformes;Muraenidae;Gymnothorax;Gymnothorax mordax,0.39604428184789553,0.2799454573021761,1,0.6831664937613331
Eukaryota;Chordata;Actinopteri;Anguilliformes;Nettastomatidae;Facciolella;Facciolella gilbertii,0,0,1,0.33253417155843557
Eukaryota;Chordata;Actinopteri;Atheriniformes;Atherinopsidae;Atherinops;Atherinops affinis,0.563964346165405,0.23669896082510758,1,0.4954038794858447
Eukaryota;Chordata;Actinopteri;Atheriniformes;Atherinopsidae;Leuresthes;Leuresthes tenuis,0,0,0,1
Eukaryota;Chordata;Actinopteri;Aulopiformes;Synodontidae;Synodus;Synodus lucioceps,1,0.4895321466540515,0,0
Eukaryota;Chordata;Actinopteri;Beloniformes;Belonidae;Cololabis;Cololabis saira,0,0,0,1
Eukaryota;Chordata;Actinopteri;Beloniformes;Belonidae;Strongylura;Strongylura exilis,1,0,0,0
Eukaryota;Chordata;Actinopteri;Beloniformes;Exocoetidae;Cheilopogon;Cheilopogon pinnatibarbatus,0.7652546757474199,0.34088533690802114,0.6066340572667053,1
Eukaryota;Chordata;Actinopteri;Blenniiformes;Blenniidae;Hypsoblennius;Hypsoblennius jenkinsi,0.5918190204373995,0,0.5171887433183617,1
Eukaryota;Chordata;Actinopteri;Blenniiformes;Chaenopsidae;Chaenopsis;Chaenopsis alepidota,1,0.08016628622993123,0,0
Eukaryota;Chordata;Actinopteri;Blenniiformes;Clinidae;Gibbonsia;,0.22036675096852437,0.06164303373955972,0.32606596574967234,1
Eukaryota;Chordata;Actinopteri;Blenniiformes;Clinidae;Gibbonsia;Gibbonsia montereyensis,1,0,0.9067234116563757,0
Eukaryota;Chordata;Actinopteri;Blenniiformes;Clinidae;Heterostichus;Heterostichus rostratus,0.32543447104122103,1,0.4548588592961254,0.39503139089986944
Eukaryota;Chordata;Actinopteri;Blenniiformes;Gobiesocidae;Gobiesox;Gobiesox rhessodon,0.9762598408372128,0,0.6825723052347703,1
Eukaryota;Chordata;Actinopteri;Blenniiformes;Gobiesocidae;Rimicola;Rimicola muscarum,0,0.7512271900581848,1,0.4709100571671731
Eukaryota;Chordata;Actinopteri;Blenniiformes;Labrisomidae;Alloclinus;Alloclinus holderi,1,0.6516246745968622,0.08208824955770175,0.9074296080570038
Eukaryota;Chordata;Actinopteri;Blenniiformes;Labrisomidae;Labrisomus;Labrisomus xanti,0,0,0,1
Eukaryota;Chordata;Actinopteri;Blenniiformes;Labrisomidae;Neoclinus;Neoclinus blanchardi,1,0.4106504191502245,0.028875767437555468,0
Eukaryota;Chordata;Actinopteri;Blenniiformes;Labrisomidae;Paraclinus;Paraclinus integripinnis,0,0,0.5530096520865753,1
Eukaryota;Chordata;Actinopteri;Carangiformes;Carangidae;Caranx;,0,0,0,1
Eukaryota;Chordata;Actinopteri;Carangiformes;Carangidae;Decapterus;Decapterus muroadsi,0,0,0,1
Eukaryota;Chordata;Actinopteri;Carangiformes;Carangidae;Seriola;Seriola lalandi,0.2501724130865252,0,1,0.7307046326448118
Eukaryota;Chordata;Actinopteri;Carangiformes;Carangidae;Trachurus;Trachurus symmetricus,0.6246810403412333,1,0.2077788457143219,0.5853415076373272
Eukaryota;Chordata;Actinopteri;Centrarchiformes;Kyphosidae;Girella;Girella nigricans,0.23866988862381203,1,0.7798730632726676,0.4100861394313074
Eukaryota;Chordata;Actinopteri;Centrarchiformes;Kyphosidae;Hermosilla;Hermosilla azurea,0,0,0.25153082778198976,1
Eukaryota;Chordata;Actinopteri;Centrarchiformes;Kyphosidae;Medialuna;Medialuna californiensis,0.9620392000853961,0.9746124776882493,1,0.07559143359610039
Eukaryota;Chordata;Actinopteri;Centrarchiformes;Oplegnathidae;Oplegnathus;Oplegnathus fasciatus,0,0,0,1
Eukaryota;Chordata;Actinopteri;Chaetodontiformes;Chaetodontidae;Chaetodon;Chaetodon humeralis,0,0,0,1
Eukaryota;Chordata;Actinopteri;Clupeiformes;Clupeidae;Sardinops;Sardinops sagax,1,0.11526170309758245,0.6415499307606287,0.320109636190166
Eukaryota;Chordata;Actinopteri;Clupeiformes;Dussumieriidae;Etrumeus;Etrumeus teres,0,0,0,1
Eukaryota;Chordata;Actinopteri;Clupeiformes;Engraulidae;Engraulis;Engraulis mordax,1,0.5772839503054583,0.09967390479391056,0.24769925050757916
Eukaryota;Chordata;Actinopteri;Gobiiformes;Gobiidae;Lythrypnus;Lythrypnus zebra,0,1,0.41679924045706185,0.4478571109693725
Eukaryota;Chordata;Actinopteri;Gobiiformes;Gobiidae;Rhinogobiops;Rhinogobiops nicholsii,0.8644840183456197,0.37440316648103134,1,0.4122637022278148
Eukaryota;Chordata;Actinopteri;Gobiiformes;Gobiidae;Typhlogobius;Typhlogobius californiensis,0.15140132957011385,0,1,0.8772802036546004
Eukaryota;Chordata;Actinopteri;Istiophoriformes;Xiphiidae;Xiphias;Xiphias gladius,0,0,0,1
Eukaryota;Chordata;Actinopteri;Kurtiformes;Apogonidae;Apogon;Apogon guadalupensis,0,0,0,1
Eukaryota;Chordata;Actinopteri;Labriformes;Labridae;;,0,0,0,1
Eukaryota;Chordata;Actinopteri;Labriformes;Labridae;Halichoeres;Halichoeres semicinctus,0.3225139808814607,0.17468428742619985,0.21683903743746127,1
Eukaryota;Chordata;Actinopteri;Labriformes;Labridae;Oxyjulis;Oxyjulis californica,0.6247364339153372,1,0.2561508034130256,0.01104207780373379
Eukaryota;Chordata;Actinopteri;Labriformes;Labridae;Semicossyphus;Semicossyphus pulcher,0.8104546312071726,0.9815137787414797,0.7512452370625761,1
Eukaryota;Chordata;Actinopteri;Lutjaniformes;;;,0,0,0,1
Eukaryota;Chordata;Actinopteri;Lutjaniformes;Haemulidae;Anisotremus;Anisotremus davidsonii,0,0,0,1
Eukaryota;Chordata;Actinopteri;Lutjaniformes;Haemulidae;Brachygenys;Xenistius californiensis,0,0,0,1
Eukaryota;Chordata;Actinopteri;Lutjaniformes;Haemulidae;Microlepidotus;Microlepidotus inornatus,0,0,0,1
Eukaryota;Chordata;Actinopteri;Lutjaniformes;Lutjanidae;Lutjanus;,0,0,0,1
Eukaryota;Chordata;Actinopteri;Lutjaniformes;Lutjanidae;Lutjanus;Lutjanus novemfasciatus,0,0,0.9247258924962687,1
Eukaryota;Chordata;Actinopteri;NA;Embiotocidae;Brachyistius;Brachyistius frenatus,0,1,0.22388824352033287,0
Eukaryota;Chordata;Actinopteri;NA;Embiotocidae;Rhacochilus;Rhacochilus toxotes,0.06922864003188846,1,0.04166422861711754,0
Eukaryota;Chordata;Actinopteri;NA;Malacanthidae;Caulolatilus;Caulolatilus princeps,1,0.16001900992680268,0.23046482099655632,0
Eukaryota;Chordata;Actinopteri;NA;Pomacentridae;Hypsypops;Hypsypops rubicundus,0.5165112757519996,0.18282379168300184,0.3878880448100421,1
Eukaryota;Chordata;Actinopteri;NA;Sciaenidae;Cheilotrema;Cheilotrema saturnum,1,0.30888474281476247,0.6803162266770354,0
Eukaryota;Chordata;Actinopteri;NA;Sciaenidae;Umbrina;Umbrina roncador,0.46694200528996016,0,0,1
Eukaryota;Chordata;Actinopteri;NA;Sphyraenidae;Sphyraena;Sphyraena argentea,1,0.36456683336626294,0.9125187425888093,0.20579544077486325
Eukaryota;Chordata;Actinopteri;Ophidiiformes;Bythitidae;Cataetyx;Cataetyx rubrirostris,0,0,0,1
Eukaryota;Chordata;Actinopteri;Ophidiiformes;Ophidiidae;Chilara;Chilara taylori,0,1,0,0
Eukaryota;Chordata;Actinopteri;Pempheriformes;Polyprionidae;Stereolepis;Stereolepis gigas,1,0.2325843133605491,0.49298027399911004,0
Eukaryota;Chordata;Actinopteri;Perciformes;;;,0,0,0,1
Eukaryota;Chordata;Actinopteri;Perciformes;Agonidae;;,0,0,0,1
Eukaryota;Chordata;Actinopteri;Perciformes;Anoplopomatidae;Anoplopoma;Anoplopoma fimbria,0,0,0,1
Eukaryota;Chordata;Actinopteri;Perciformes;Bathymasteridae;Rathbunella;Rathbunella hypoplecta,1,0,0,0
Eukaryota;Chordata;Actinopteri;Perciformes;Cottidae;;,0,0,1,0
Eukaryota;Chordata;Actinopteri;Perciformes;Cottidae;Artedius;Artedius corallinus,0,0,1,0
Eukaryota;Chordata;Actinopteri;Perciformes;Cottidae;Chitonotus;Chitonotus pugetensis,1,0,0,0
Eukaryota;Chordata;Actinopteri;Perciformes;Cottidae;Clinocottus;Clinocottus analis,1,0,0,0.19293032992335796
Eukaryota;Chordata;Actinopteri;Perciformes;Cottidae;Clinocottus;Clinocottus recalvus,0,0,1,0
Eukaryota;Chordata;Actinopteri;Perciformes;Cottidae;Ruscarius;Ruscarius creaseri,1,0.21756056524218412,0.41742054286989183,0.49192740032226057
Eukaryota;Chordata;Actinopteri;Perciformes;Hexagrammidae;Oxylebius;Oxylebius pictus,1,0,0.17509316753147647,0
Eukaryota;Chordata;Actinopteri;Perciformes;Scorpaenidae;Scorpaena;Scorpaena guttata,0.4605800316765261,0.14043807508775685,0,1
Eukaryota;Chordata;Actinopteri;Perciformes;Scorpaenidae;Scorpaenodes;Scorpaenodes xyris,0,1,0.30738943983708317,0.4726977685413579
Eukaryota;Chordata;Actinopteri;Perciformes;Sebastidae;Sebastes;,1,0.10399886584139813,0.15923258555910835,0
Eukaryota;Chordata;Actinopteri;Perciformes;Serranidae;Mycteroperca;,0,0,0,1
Eukaryota;Chordata;Actinopteri;Perciformes;Serranidae;Mycteroperca;Mycteroperca jordani,0,0,0,1
Eukaryota;Chordata;Actinopteri;Perciformes;Serranidae;Mycteroperca;Mycteroperca xenarcha,0,0,0,1
Eukaryota;Chordata;Actinopteri;Perciformes;Serranidae;Paralabrax;,0,0,1,0
Eukaryota;Chordata;Actinopteri;Perciformes;Serranidae;Paralabrax;Paralabrax clathratus,0.5583145006897292,1,0.8831449742921995,0.3439272432396668
Eukaryota;Chordata;Actinopteri;Perciformes;Serranidae;Paralabrax;Paralabrax nebulifer,0,0,0,1
Eukaryota;Chordata;Actinopteri;Perciformes;Stichaeidae;Chirolophis;Chirolophis decoratus,0,0,0,1
Eukaryota;Chordata;Actinopteri;Pleuronectiformes;Cynoglossidae;Symphurus;Symphurus atricaudus,0,0,0,1
Eukaryota;Chordata;Actinopteri;Pleuronectiformes;Paralichthyidae;Citharichthys;Citharichthys sordidus,0.17852223268848946,0.36180227046788194,1,0.0789289697403936
Eukaryota;Chordata;Actinopteri;Pleuronectiformes;Paralichthyidae;Citharichthys;Citharichthys stigmaeus,1,0.26747414176906503,0.43291763622277957,0.26396107716347017
Eukaryota;Chordata;Actinopteri;Pleuronectiformes;Paralichthyidae;Paralichthys;Paralichthys californicus,1,0.6798366931486414,0.2187035719476517,0.2628130176082588
Eukaryota;Chordata;Actinopteri;Pleuronectiformes;Paralichthyidae;Xystreurys;Xystreurys liolepis,1,0.45544030356902904,0,0
Eukaryota;Chordata;Actinopteri;Pleuronectiformes;Pleuronectidae;Pleuronichthys;Pleuronichthys coenosus,0.14677598588169266,0.27503349741660793,1,0.7702872871807214
Eukaryota;Chordata;Actinopteri;Pleuronectiformes;Pleuronectidae;Pleuronichthys;Pleuronichthys decurrens,0.36126369398923214,0.34193665813222973,1,0
Eukaryota;Chordata;Actinopteri;Pleuronectiformes;Pleuronectidae;Pleuronichthys;Pleuronichthys verticalis,0,1,0,0
Eukaryota;Chordata;Actinopteri;Salmoniformes;Salmonidae;Oncorhynchus;,0,0,0.4419955884149322,1
Eukaryota;Chordata;Actinopteri;Salmoniformes;Salmonidae;Oncorhynchus;Oncorhynchus tshawytscha,0,1,0.7682490840632409,0.8651220163247259
Eukaryota;Chordata;Actinopteri;Scombriformes;Centrolophidae;Icichthys;Icichthys lockingtoni,1,0,0,0
Eukaryota;Chordata;Actinopteri;Scombriformes;Scombridae;Sarda;Sarda chiliensis,0,0,1,0.6119636942863907
Eukaryota;Chordata;Actinopteri;Scombriformes;Scombridae;Scomber;Scomber japonicus,1,0,0.24543669260771345,0.6704827165541278
Eukaryota;Chordata;Actinopteri;Scombriformes;Scombridae;Thunnus;Thunnus alalunga,0,0,0,1
Eukaryota;Chordata;Actinopteri;Scombriformes;Stromateidae;Peprilus;Peprilus simillimus,0,1,0,0
Eukaryota;Chordata;Actinopteri;Syngnathiformes;Centriscidae;Macroramphosus;,0,0,0,1
Eukaryota;Chordata;Actinopteri;Syngnathiformes;Mullidae;Pseudupeneus;Pseudupeneus grandisquamis,0,0,0,1
Eukaryota;Chordata;Actinopteri;Syngnathiformes;Syngnathidae;Syngnathus;Syngnathus leptorhynchus,0,0,0,1
Eukaryota;Chordata;Actinopteri;Tetraodontiformes;Balistidae;;,0,0,0,1
Eukaryota;Chordata;Actinopteri;Tetraodontiformes;Balistidae;Balistes;Balistes polylepis,1,0,0.1604116121170621,0
Eukaryota;Chordata;Actinopteri;Tetraodontiformes;Balistidae;Melichthys;Melichthys niger,0,0,0,1
Eukaryota;Chordata;Actinopteri;Tetraodontiformes;Molidae;Mola;Mola mola,0,0,1,0.0828681180051232
Eukaryota;Chordata;Aves;Charadriiformes;Laridae;Larus;,1,0,0,0.485640179481581
Eukaryota;Chordata;Aves;Charadriiformes;Laridae;Larus;Larus occidentalis,0,0,0,1
Eukaryota;Chordata;Aves;Galliformes;Phasianidae;Gallus;Gallus gallus,0,0,0,1
Eukaryota;Chordata;Aves;Pelecaniformes;Phalacrocoracidae;Urile;Urile pelagicus,0,0,1,0
Eukaryota;Chordata;Chondrichthyes;;Squatinidae;Squatina;Squatina californica,1,0,0,0
Eukaryota;Chordata;Chondrichthyes;Carcharhiniformes;Scyliorhinidae;Cephaloscyllium;Cephaloscyllium ventriosum,1,0,0,0.06266324896536529
Eukaryota;Chordata;Chondrichthyes;Chimaeriformes;Chimaeridae;Hydrolagus;Hydrolagus colliei,1,0,0,0
Eukaryota;Chordata;Chondrichthyes;Heterodontiformes;Heterodontidae;Heterodontus;Heterodontus francisci,1,0,0.9323333272128393,0.6099640654288657
Eukaryota;Chordata;Chondrichthyes;Myliobatiformes;Dasyatidae;Pteroplatytrygon;Pteroplatytrygon violacea,0,0,0,1
Eukaryota;Chordata;Chondrichthyes;Myliobatiformes;Myliobatidae;Myliobatis;Myliobatis californica,1,0.33631368198349343,0.6451457286228496,0.31220982201369296
Eukaryota;Chordata;Chondrichthyes;Myliobatiformes;Urolophidae;Urolophus;Urolophus halleri,0,0,0,1
Eukaryota;Chordata;Chondrichthyes;Orectolobiformes;Rhincodontidae;Rhincodon;Rhincodon typus,0,0,0,1
Eukaryota;Chordata;Chondrichthyes;Pristiformes/Rhiniformes group;Rhinobatidae;Pseudobatos;Pseudobatos productus,0,0,0,1
Eukaryota;Chordata;Mammalia;Artiodactyla;Balaenopteridae;Balaenoptera;Balaenoptera musculus,0,1,0,0
Eukaryota;Chordata;Mammalia;Artiodactyla;Balaenopteridae;Megaptera;Megaptera novaeangliae,0,1,0,0
Eukaryota;Chordata;Mammalia;Artiodactyla;Bovidae;Bos;Bos taurus,0.14117019661539273,0,0,1
Eukaryota;Chordata;Mammalia;Artiodactyla;Delphinidae;;,0.18934599498473603,0.23027208574807734,0,1
Eukaryota;Chordata;Mammalia;Artiodactyla;Delphinidae;Grampus;Grampus griseus,0,0,0,1
Eukaryota;Chordata;Mammalia;Artiodactyla;Suidae;Sus;Sus scrofa,0,0,0,1
Eukaryota;Chordata;Mammalia;Carnivora;Otariidae;Zalophus;Zalophus californianus,0,0,1,0.3525752935050377
Eukaryota;Chordata;Mammalia;Primates;Hominidae;Homo;Homo sapiens,0.12499557895757535,0.11295060022598793,0,1
Eukaryota;Chordata;Mammalia;Rodentia;Cricetidae;Peromyscus;Peromyscus maniculatus,0,0,0,1
