sum.taxonomy,Edge,MPA,Outside,Taylor
,347647,102266,144704,1434646
Eukaryota;Chordata;Actinopteri;;;;,0,0,0,172115
Eukaryota;Chordata;Actinopteri;;Embiotocidae;Cymatogaster;Cymatogaster aggregata,0,0,104,0
Eukaryota;Chordata;Actinopteri;;Embiotocidae;Embiotoca;Embiotoca jacksoni,14099,4243,17383,1571
Eukaryota;Chordata;Actinopteri;;Embiotocidae;Rhacochilus;Rhacochilus vacca,10374,7451,37924,0
Eukaryota;Chordata;Actinopteri;;Pomacentridae;Azurina;Azurina hirundo,0,0,0,601
Eukaryota;Chordata;Actinopteri;;Pomacentridae;Chromis;,0,0,0,8485
Eukaryota;Chordata;Actinopteri;;Pomacentridae;Chromis;Chromis alta,0,0,0,285
Eukaryota;Chordata;Actinopteri;;Pomacentridae;Chromis;Chromis punctipinnis,42117,8475,17128,55559
Eukaryota;Chordata;Actinopteri;Acanthuriformes;Acanthuridae;Acanthurus;Acanthurus xanthopterus,0,1261,2066,3381
Eukaryota;Chordata;Actinopteri;Acanthuriformes;Luvaridae;Luvarus;Luvarus imperialis,0,0,0,834
Eukaryota;Chordata;Actinopteri;Anguilliformes;;;,0,0,371,2435
Eukaryota;Chordata;Actinopteri;Anguilliformes;Muraenidae;Gymnothorax;Gymnothorax mordax,1751,1622,13515,96402
Eukaryota;Chordata;Actinopteri;Anguilliformes;Nettastomatidae;Facciolella;Facciolella gilbertii,0,0,1375,385
Eukaryota;Chordata;Actinopteri;Atheriniformes;Atherinopsidae;Atherinops;Atherinops affinis,23170,4720,89307,381848
Eukaryota;Chordata;Actinopteri;Atheriniformes;Atherinopsidae;Leuresthes;Leuresthes tenuis,0,0,0,1735
Eukaryota;Chordata;Actinopteri;Aulopiformes;Synodontidae;Synodus;Synodus lucioceps,242,207,0,0
Eukaryota;Chordata;Actinopteri;Beloniformes;Belonidae;Cololabis;Cololabis saira,0,0,0,1313
Eukaryota;Chordata;Actinopteri;Beloniformes;Belonidae;Strongylura;Strongylura exilis,85,0,0,0
Eukaryota;Chordata;Actinopteri;Beloniformes;Exocoetidae;Cheilopogon;Cheilopogon pinnatibarbatus,3289,640,2391,8850
Eukaryota;Chordata;Actinopteri;Blenniiformes;Blenniidae;Hypsoblennius;Hypsoblennius jenkinsi,4041,0,4318,50616
Eukaryota;Chordata;Actinopteri;Blenniiformes;Chaenopsidae;Chaenopsis;Chaenopsis alepidota,3134,439,0,0
Eukaryota;Chordata;Actinopteri;Blenniiformes;Clinidae;Gibbonsia;,401,98,2902,131145
Eukaryota;Chordata;Actinopteri;Blenniiformes;Clinidae;Gibbonsia;Gibbonsia montereyensis,2199,0,2438,0
Eukaryota;Chordata;Actinopteri;Blenniiformes;Clinidae;Heterostichus;Heterostichus rostratus,669,12572,3430,30099
Eukaryota;Chordata;Actinopteri;Blenniiformes;Gobiesocidae;Gobiesox;Gobiesox rhessodon,877,0,2999,33296
Eukaryota;Chordata;Actinopteri;Blenniiformes;Gobiesocidae;Rimicola;Rimicola muscarum,0,421,2353,622
Eukaryota;Chordata;Actinopteri;Blenniiformes;Labrisomidae;Alloclinus;Alloclinus holderi,5101,726,128,14297
Eukaryota;Chordata;Actinopteri;Blenniiformes;Labrisomidae;Labrisomus;Labrisomus xanti,0,0,0,22235
Eukaryota;Chordata;Actinopteri;Blenniiformes;Labrisomidae;Neoclinus;Neoclinus blanchardi,878,630,31,0
Eukaryota;Chordata;Actinopteri;Blenniiformes;Labrisomidae;Paraclinus;Paraclinus integripinnis,0,0,4702,63002
Eukaryota;Chordata;Actinopteri;Carangiformes;Carangidae;Caranx;,0,0,0,5524
Eukaryota;Chordata;Actinopteri;Carangiformes;Carangidae;Decapterus;Decapterus muroadsi,0,0,0,3851
Eukaryota;Chordata;Actinopteri;Carangiformes;Carangidae;Seriola;Seriola lalandi,298,0,11652,19715
Eukaryota;Chordata;Actinopteri;Carangiformes;Carangidae;Trachurus;Trachurus symmetricus,5610,19615,2852,75770
Eukaryota;Chordata;Actinopteri;Centrarchiformes;Kyphosidae;Girella;Girella nigricans,26972,128352,140093,486683
Eukaryota;Chordata;Actinopteri;Centrarchiformes;Kyphosidae;Hermosilla;Hermosilla azurea,0,0,337,33844
Eukaryota;Chordata;Actinopteri;Centrarchiformes;Kyphosidae;Medialuna;Medialuna californiensis,30719,16993,34163,6834
Eukaryota;Chordata;Actinopteri;Centrarchiformes;Oplegnathidae;Oplegnathus;Oplegnathus fasciatus,0,0,0,694
Eukaryota;Chordata;Actinopteri;Chaetodontiformes;Chaetodontidae;Chaetodon;Chaetodon humeralis,0,0,0,617
Eukaryota;Chordata;Actinopteri;Clupeiformes;Clupeidae;Sardinops;Sardinops sagax,3858,259,5044,5086
Eukaryota;Chordata;Actinopteri;Clupeiformes;Dussumieriidae;Etrumeus;Etrumeus teres,0,0,0,8567
Eukaryota;Chordata;Actinopteri;Clupeiformes;Engraulidae;Engraulis;Engraulis mordax,88341,27228,4187,100129
Eukaryota;Chordata;Actinopteri;Gobiiformes;Gobiidae;Lythrypnus;Lythrypnus zebra,0,12,7,38
Eukaryota;Chordata;Actinopteri;Gobiiformes;Gobiidae;Rhinogobiops;Rhinogobiops nicholsii,74,14,157,109
Eukaryota;Chordata;Actinopteri;Gobiiformes;Gobiidae;Typhlogobius;Typhlogobius californiensis,197,0,1591,23505
Eukaryota;Chordata;Actinopteri;Istiophoriformes;Xiphiidae;Xiphias;Xiphias gladius,0,0,0,549
Eukaryota;Chordata;Actinopteri;Kurtiformes;Apogonidae;Apogon;Apogon guadalupensis,0,0,0,10733
Eukaryota;Chordata;Actinopteri;Labriformes;Labridae;;,0,0,0,714
Eukaryota;Chordata;Actinopteri;Labriformes;Labridae;Halichoeres;Halichoeres semicinctus,12440,7064,16363,698940
Eukaryota;Chordata;Actinopteri;Labriformes;Labridae;Oxyjulis;Oxyjulis californica,84139,99562,61651,2120
Eukaryota;Chordata;Actinopteri;Labriformes;Labridae;Semicossyphus;Semicossyphus pulcher,26864,31582,33831,386772
Eukaryota;Chordata;Actinopteri;Lutjaniformes;;;,0,0,0,3450
Eukaryota;Chordata;Actinopteri;Lutjaniformes;Haemulidae;Anisotremus;Anisotremus davidsonii,0,0,0,30045
Eukaryota;Chordata;Actinopteri;Lutjaniformes;Haemulidae;Brachygenys;Xenistius californiensis,0,0,0,406
Eukaryota;Chordata;Actinopteri;Lutjaniformes;Haemulidae;Microlepidotus;Microlepidotus inornatus,0,0,0,2404
Eukaryota;Chordata;Actinopteri;Lutjaniformes;Lutjanidae;Lutjanus;,0,0,0,6265
Eukaryota;Chordata;Actinopteri;Lutjaniformes;Lutjanidae;Lutjanus;Lutjanus novemfasciatus,0,0,232,845
Eukaryota;Chordata;Actinopteri;NA;Embiotocidae;Brachyistius;Brachyistius frenatus,0,14591,1524,0
Eukaryota;Chordata;Actinopteri;NA;Embiotocidae;Rhacochilus;Rhacochilus toxotes,496,12519,365,0
Eukaryota;Chordata;Actinopteri;NA;Malacanthidae;Caulolatilus;Caulolatilus princeps,3648,255,257,0
Eukaryota;Chordata;Actinopteri;NA;Pomacentridae;Hypsypops;Hypsypops rubicundus,7191,1779,10565,172007
Eukaryota;Chordata;Actinopteri;NA;Sciaenidae;Cheilotrema;Cheilotrema saturnum,2807,909,2802,0
Eukaryota;Chordata;Actinopteri;NA;Sciaenidae;Umbrina;Umbrina roncador,61,0,0,269
Eukaryota;Chordata;Actinopteri;NA;Sphyraenidae;Sphyraena;Sphyraena argentea,80720,12855,57899,17103
Eukaryota;Chordata;Actinopteri;Ophidiiformes;Bythitidae;Cataetyx;Cataetyx rubrirostris,0,0,0,3516
Eukaryota;Chordata;Actinopteri;Ophidiiformes;Ophidiidae;Chilara;Chilara taylori,0,237,0,0
Eukaryota;Chordata;Actinopteri;Pempheriformes;Polyprionidae;Stereolepis;Stereolepis gigas,14124,410,9730,0
Eukaryota;Chordata;Actinopteri;Perciformes;;;,0,0,0,8255
Eukaryota;Chordata;Actinopteri;Perciformes;Agonidae;;,0,0,0,865
Eukaryota;Chordata;Actinopteri;Perciformes;Anoplopomatidae;Anoplopoma;Anoplopoma fimbria,0,0,0,207
Eukaryota;Chordata;Actinopteri;Perciformes;Bathymasteridae;Rathbunella;Rathbunella hypoplecta,615,0,0,0
Eukaryota;Chordata;Actinopteri;Perciformes;Cottidae;;,0,0,1117,0
Eukaryota;Chordata;Actinopteri;Perciformes;Cottidae;Artedius;Artedius corallinus,0,0,196,0
Eukaryota;Chordata;Actinopteri;Perciformes;Cottidae;Chitonotus;Chitonotus pugetensis,406,0,0,0
Eukaryota;Chordata;Actinopteri;Perciformes;Cottidae;Clinocottus;Clinocottus analis,696,0,0,1106
Eukaryota;Chordata;Actinopteri;Perciformes;Cottidae;Clinocottus;Clinocottus recalvus,0,0,362,0
Eukaryota;Chordata;Actinopteri;Perciformes;Cottidae;Ruscarius;Ruscarius creaseri,2549,969,14311,2582
Eukaryota;Chordata;Actinopteri;Perciformes;Hexagrammidae;Oxylebius;Oxylebius pictus,5194,0,556,0
Eukaryota;Chordata;Actinopteri;Perciformes;Scorpaenidae;Scorpaena;Scorpaena guttata,366,195,0,27817
Eukaryota;Chordata;Actinopteri;Perciformes;Scorpaenidae;Scorpaenodes;Scorpaenodes xyris,0,240,413,3476
Eukaryota;Chordata;Actinopteri;Perciformes;Sebastidae;Sebastes;,3698,168,720,0
Eukaryota;Chordata;Actinopteri;Perciformes;Serranidae;Mycteroperca;,0,0,0,82382
Eukaryota;Chordata;Actinopteri;Perciformes;Serranidae;Mycteroperca;Mycteroperca jordani,0,0,0,182
Eukaryota;Chordata;Actinopteri;Perciformes;Serranidae;Mycteroperca;Mycteroperca xenarcha,0,0,0,505
Eukaryota;Chordata;Actinopteri;Perciformes;Serranidae;Paralabrax;,0,0,793,0
Eukaryota;Chordata;Actinopteri;Perciformes;Serranidae;Paralabrax;Paralabrax clathratus,124045,210284,319893,812948
Eukaryota;Chordata;Actinopteri;Perciformes;Serranidae;Paralabrax;Paralabrax nebulifer,0,0,0,557
Eukaryota;Chordata;Actinopteri;Perciformes;Stichaeidae;Chirolophis;Chirolophis decoratus,0,0,0,1907
Eukaryota;Chordata;Actinopteri;Pleuronectiformes;Cynoglossidae;Symphurus;Symphurus atricaudus,0,0,0,192
Eukaryota;Chordata;Actinopteri;Pleuronectiformes;Paralichthyidae;Citharichthys;Citharichthys sordidus,1395,1235,14332,635
Eukaryota;Chordata;Actinopteri;Pleuronectiformes;Paralichthyidae;Citharichthys;Citharichthys stigmaeus,9269,1083,9813,5038
Eukaryota;Chordata;Actinopteri;Pleuronectiformes;Paralichthyidae;Paralichthys;Paralichthys californicus,1421,3376,380,3076
Eukaryota;Chordata;Actinopteri;Pleuronectiformes;Paralichthyidae;Xystreurys;Xystreurys liolepis,9148,1560,0,0
Eukaryota;Chordata;Actinopteri;Pleuronectiformes;Pleuronectidae;Pleuronichthys;Pleuronichthys coenosus,62,203,1033,6030
Eukaryota;Chordata;Actinopteri;Pleuronectiformes;Pleuronectidae;Pleuronichthys;Pleuronichthys decurrens,78,43,176,0
Eukaryota;Chordata;Actinopteri;Pleuronectiformes;Pleuronectidae;Pleuronichthys;Pleuronichthys verticalis,0,84,0,0
Eukaryota;Chordata;Actinopteri;Salmoniformes;Salmonidae;Oncorhynchus;,0,0,258,6881
Eukaryota;Chordata;Actinopteri;Salmoniformes;Salmonidae;Oncorhynchus;Oncorhynchus tshawytscha,0,605,1301,12336
Eukaryota;Chordata;Actinopteri;Scombriformes;Centrolophidae;Icichthys;Icichthys lockingtoni,354,0,0,0
Eukaryota;Chordata;Actinopteri;Scombriformes;Scombridae;Sarda;Sarda chiliensis,0,0,1562,6439
Eukaryota;Chordata;Actinopteri;Scombriformes;Scombridae;Scomber;Scomber japonicus,953,0,286,14473
Eukaryota;Chordata;Actinopteri;Scombriformes;Scombridae;Thunnus;Thunnus alalunga,0,0,0,958
Eukaryota;Chordata;Actinopteri;Scombriformes;Stromateidae;Peprilus;Peprilus simillimus,0,1100,0,0
Eukaryota;Chordata;Actinopteri;Syngnathiformes;Centriscidae;Macroramphosus;,0,0,0,6100
Eukaryota;Chordata;Actinopteri;Syngnathiformes;Mullidae;Pseudupeneus;Pseudupeneus grandisquamis,0,0,0,544
Eukaryota;Chordata;Actinopteri;Syngnathiformes;Syngnathidae;Syngnathus;Syngnathus leptorhynchus,0,0,0,2901
Eukaryota;Chordata;Actinopteri;Tetraodontiformes;Balistidae;;,0,0,0,9724
Eukaryota;Chordata;Actinopteri;Tetraodontiformes;Balistidae;Balistes;Balistes polylepis,4665,0,610,0
Eukaryota;Chordata;Actinopteri;Tetraodontiformes;Balistidae;Melichthys;Melichthys niger,0,0,0,1498
Eukaryota;Chordata;Actinopteri;Tetraodontiformes;Molidae;Mola;Mola mola,0,0,3848,537
Eukaryota;Chordata;Aves;Charadriiformes;Laridae;Larus;,7,0,0,7
Eukaryota;Chordata;Aves;Charadriiformes;Laridae;Larus;Larus occidentalis,0,0,0,6
Eukaryota;Chordata;Aves;Galliformes;Phasianidae;Gallus;Gallus gallus,0,0,0,1682
Eukaryota;Chordata;Aves;Pelecaniformes;Phalacrocoracidae;Urile;Urile pelagicus,0,0,9,0
Eukaryota;Chordata;Chondrichthyes;;Squatinidae;Squatina;Squatina californica,17,0,0,0
Eukaryota;Chordata;Chondrichthyes;Carcharhiniformes;Scyliorhinidae;Cephaloscyllium;Cephaloscyllium ventriosum,31,0,0,4
Eukaryota;Chordata;Chondrichthyes;Chimaeriformes;Chimaeridae;Hydrolagus;Hydrolagus colliei,64,0,0,0
Eukaryota;Chordata;Chondrichthyes;Heterodontiformes;Heterodontidae;Heterodontus;Heterodontus francisci,25,0,57,471
Eukaryota;Chordata;Chondrichthyes;Myliobatiformes;Dasyatidae;Pteroplatytrygon;Pteroplatytrygon violacea,0,0,0,1779
Eukaryota;Chordata;Chondrichthyes;Myliobatiformes;Myliobatidae;Myliobatis;Myliobatis californica,502,59,198,355
Eukaryota;Chordata;Chondrichthyes;Myliobatiformes;Urolophidae;Urolophus;Urolophus halleri,0,0,0,686
Eukaryota;Chordata;Chondrichthyes;Orectolobiformes;Rhincodontidae;Rhincodon;Rhincodon typus,0,0,0,158
Eukaryota;Chordata;Chondrichthyes;Pristiformes/Rhiniformes group;Rhinobatidae;Pseudobatos;Pseudobatos productus,0,0,0,8
Eukaryota;Chordata;Mammalia;Artiodactyla;Balaenopteridae;Balaenoptera;Balaenoptera musculus,0,17,0,0
Eukaryota;Chordata;Mammalia;Artiodactyla;Balaenopteridae;Megaptera;Megaptera novaeangliae,0,8,0,0
Eukaryota;Chordata;Mammalia;Artiodactyla;Bovidae;Bos;Bos taurus,29,0,0,423
Eukaryota;Chordata;Mammalia;Artiodactyla;Delphinidae;;,8,17,0,174
Eukaryota;Chordata;Mammalia;Artiodactyla;Delphinidae;Grampus;Grampus griseus,0,0,0,17
Eukaryota;Chordata;Mammalia;Artiodactyla;Suidae;Sus;Sus scrofa,0,0,0,22
Eukaryota;Chordata;Mammalia;Carnivora;Otariidae;Zalophus;Zalophus californianus,0,0,32,57
Eukaryota;Chordata;Mammalia;Primates;Hominidae;Homo;Homo sapiens,19,15,0,2504
Eukaryota;Chordata;Mammalia;Rodentia;Cricetidae;Peromyscus;Peromyscus maniculatus,0,0,0,7
