{"chunk_definitions":[{"chunk_id":"cxriqfvyzhb7z","chunk_label":"unnamed-chunk-1","document_id":"EC234085","expansion_state":0,"options":{"engine":"r","label":"unnamed-chunk-43"},"row":11,"row_count":1,"visible":true},{"chunk_id":"cp57eo7vy60l2","chunk_label":"Import Data","document_id":"EC234085","expansion_state":0,"options":{"engine":"r","label":"Import Data"},"row":42,"row_count":1,"visible":true},{"chunk_id":"c08l5v0fon91n","chunk_label":"unnamed-chunk-3","document_id":"EC234085","expansion_state":0,"options":{"engine":"r","label":"unnamed-chunk-45"},"row":123,"row_count":1,"visible":true},{"chunk_id":"c3oh3memskt4x","chunk_label":"unnamed-chunk-4","document_id":"EC234085","expansion_state":0,"options":{"engine":"r","label":"unnamed-chunk-69"},"row":222,"row_count":1,"visible":true},{"chunk_id":"cbxo4f344qzyu","chunk_label":"unnamed-chunk-5","document_id":"EC234085","expansion_state":0,"options":{"engine":"r","label":"unnamed-chunk-92"},"row":301,"row_count":1,"visible":true},{"chunk_id":"cp0fov74irp44","chunk_label":"unnamed-chunk-8","document_id":"EC234085","expansion_state":0,"options":{"engine":"r","label":"unnamed-chunk-94"},"row":339,"row_count":1,"visible":true},{"chunk_id":"cenjtkpr55duk","chunk_label":"anacapa to phyloseq functions from ranacapa library imported manually since they do not work on R3.6.0","document_id":"EC234085","expansion_state":0,"options":{"engine":"r","include":false,"label":"anacapa to phyloseq functions from ranacapa library imported manually since they do not work on R3.6.0","results":"hide","warning":false},"row":539,"row_count":1,"visible":true},{"chunk_id":"ckupx3yrueql8","chunk_label":"unnamed-chunk-9","document_id":"EC234085","expansion_state":0,"options":{"engine":"r","label":"unnamed-chunk-108"},"row":572,"row_count":1,"visible":true},{"chunk_id":"cmzmmizib31ak","chunk_label":"unnamed-chunk-13","document_id":"EC234085","expansion_state":0,"options":{"engine":"r","label":"unnamed-chunk-110"},"row":650,"row_count":1,"visible":true},{"chunk_id":"crm6ikm9tuw83","chunk_label":"unnamed-chunk-16","document_id":"EC234085","expansion_state":0,"options":{"engine":"r","label":"unnamed-chunk-139"},"row":741,"row_count":1,"visible":true},{"chunk_id":"c88c9j4runcgq","chunk_label":"unnamed-chunk-17","document_id":"EC234085","expansion_state":0,"options":{"engine":"r","label":"unnamed-chunk-137"},"row":763,"row_count":1,"visible":true}],"doc_write_time":1604702351}