{"chunk_definitions":[{"chunk_id":"c9s89aypr8umm","chunk_label":"unnamed-chunk-1","document_id":"4CDC5E8E","expansion_state":0,"options":{"engine":"r","label":"unnamed-chunk-720"},"row":35,"row_count":1,"visible":true},{"chunk_id":"ctueg7qakoucv","chunk_label":"unnamed-chunk-2","document_id":"4CDC5E8E","expansion_state":0,"options":{"engine":"r","label":"unnamed-chunk-721"},"row":64,"row_count":1,"visible":true},{"chunk_id":"cw12rgc8swoux","chunk_label":"unnamed-chunk-3","document_id":"8DC264E8","expansion_state":0,"options":{"engine":"r","label":"unnamed-chunk-691"},"row":71,"row_count":1,"visible":true},{"chunk_id":"cs7rb2xq7hf90","chunk_label":"unnamed-chunk-4","document_id":"5849AAFD","expansion_state":0,"options":{"engine":"r","label":"unnamed-chunk-722"},"row":86,"row_count":1,"visible":true},{"chunk_id":"ceemk0v6q4j3t","chunk_label":"unnamed-chunk-5","document_id":"5849AAFD","expansion_state":0,"options":{"engine":"r","label":"unnamed-chunk-723"},"row":103,"row_count":1,"visible":true},{"chunk_id":"c03jvol7ibo9m","chunk_label":"unnamed-chunk-7","document_id":"5849AAFD","expansion_state":0,"options":{"engine":"r","label":"unnamed-chunk-725"},"row":141,"row_count":1,"visible":true},{"chunk_id":"ct48elpvkyzut","chunk_label":"unnamed-chunk-8","document_id":"5849AAFD","expansion_state":0,"options":{"engine":"r","label":"unnamed-chunk-726"},"row":151,"row_count":1,"visible":true},{"chunk_id":"cj9ojzhf1y82u","chunk_label":"unnamed-chunk-9","document_id":"5849AAFD","expansion_state":0,"options":{"engine":"r","label":"unnamed-chunk-727"},"row":200,"row_count":1,"visible":true},{"chunk_id":"cfah1kli5rs91","chunk_label":"unnamed-chunk-10","document_id":"5849AAFD","expansion_state":0,"options":{"engine":"r","label":"unnamed-chunk-728"},"row":215,"row_count":1,"visible":true},{"chunk_id":"ccqb2hz5t7nuw","chunk_label":"unnamed-chunk-11","document_id":"5849AAFD","expansion_state":0,"options":{"engine":"r","label":"unnamed-chunk-729"},"row":231,"row_count":1,"visible":true},{"chunk_id":"chi49wz64mslh","chunk_label":"unnamed-chunk-12","document_id":"5849AAFD","expansion_state":0,"options":{"engine":"r","label":"unnamed-chunk-730"},"row":245,"row_count":1,"visible":true},{"chunk_id":"ccab95mb7ghuy","chunk_label":"unnamed-chunk-13","document_id":"5849AAFD","expansion_state":0,"options":{"engine":"r","label":"unnamed-chunk-731"},"row":254,"row_count":1,"visible":true},{"chunk_id":"c0rgb4yo48j3e","chunk_label":"unnamed-chunk-14","document_id":"5849AAFD","expansion_state":0,"options":{"engine":"r","label":"unnamed-chunk-732"},"row":263,"row_count":1,"visible":true},{"chunk_id":"cy0cc3hyho22v","chunk_label":"unnamed-chunk-15","document_id":"5849AAFD","expansion_state":0,"options":{"engine":"r","label":"unnamed-chunk-733"},"row":280,"row_count":1,"visible":true},{"chunk_id":"c84wnnn4qc6mf","chunk_label":"unnamed-chunk-16","document_id":"5849AAFD","expansion_state":0,"options":{"engine":"r","label":"unnamed-chunk-734"},"row":288,"row_count":1,"visible":true},{"chunk_id":"csiptif57mh4y","chunk_label":"unnamed-chunk-17","document_id":"5849AAFD","expansion_state":0,"options":{"engine":"r","label":"unnamed-chunk-735"},"row":305,"row_count":1,"visible":true},{"chunk_id":"cddv1k13vnk4i","chunk_label":"unnamed-chunk-18","document_id":"5849AAFD","expansion_state":0,"options":{"engine":"r","label":"unnamed-chunk-736"},"row":317,"row_count":1,"visible":true},{"chunk_id":"cunwb78teaple","chunk_label":"unnamed-chunk-19","document_id":"5849AAFD","expansion_state":0,"options":{"engine":"r","label":"unnamed-chunk-737"},"row":359,"row_count":1,"visible":true},{"chunk_id":"cc642xutcn90f","chunk_label":"unnamed-chunk-20","document_id":"5849AAFD","expansion_state":0,"options":{"engine":"r","label":"unnamed-chunk-738"},"row":425,"row_count":1,"visible":true},{"chunk_id":"cv8qjvvulk9hs","chunk_label":"unnamed-chunk-21","document_id":"5849AAFD","expansion_state":0,"options":{"engine":"r","label":"unnamed-chunk-739"},"row":435,"row_count":1,"visible":true},{"chunk_id":"c9a0kv61s0aob","chunk_label":"unnamed-chunk-22","document_id":"5849AAFD","expansion_state":0,"options":{"engine":"r","label":"unnamed-chunk-740"},"row":455,"row_count":1,"visible":true},{"chunk_id":"cm9iakgd6ent8","chunk_label":"unnamed-chunk-23","document_id":"5849AAFD","expansion_state":0,"options":{"engine":"r","label":"unnamed-chunk-741"},"row":470,"row_count":1,"visible":true},{"chunk_id":"cct1xvmo32hpx","chunk_label":"unnamed-chunk-24","document_id":"5849AAFD","expansion_state":0,"options":{"engine":"r","label":"unnamed-chunk-742"},"row":482,"row_count":1,"visible":true},{"chunk_id":"ctrwu98gsprga","chunk_label":"unnamed-chunk-25","document_id":"5849AAFD","expansion_state":0,"options":{"engine":"r","label":"unnamed-chunk-743"},"row":556,"row_count":1,"visible":true},{"chunk_id":"cossvtxewyog0","chunk_label":"unnamed-chunk-26","document_id":"5849AAFD","expansion_state":0,"options":{"engine":"r","label":"unnamed-chunk-744"},"row":609,"row_count":1,"visible":true},{"chunk_id":"cacecivlzusxp","chunk_label":"unnamed-chunk-27","document_id":"5849AAFD","expansion_state":0,"options":{"engine":"r","label":"unnamed-chunk-745"},"row":634,"row_count":1,"visible":true},{"chunk_id":"cc09p5klu73cx","chunk_label":"unnamed-chunk-28","document_id":"5849AAFD","expansion_state":0,"options":{},"row":646,"row_count":1,"visible":true},{"chunk_id":"cr7qb64uenutf","chunk_label":"unnamed-chunk-29","document_id":"5849AAFD","expansion_state":0,"options":{},"row":668,"row_count":1,"visible":true},{"chunk_id":"cl0f47hxxccu2","chunk_label":"unnamed-chunk-30","document_id":"5849AAFD","expansion_state":0,"options":{},"row":678,"row_count":1,"visible":true},{"chunk_id":"cp2mtpmvlh6o9","chunk_label":"unnamed-chunk-31","document_id":"5849AAFD","expansion_state":0,"options":{},"row":702,"row_count":1,"visible":true},{"chunk_id":"cnzs2zc68ms34","chunk_label":"unnamed-chunk-32","document_id":"5849AAFD","expansion_state":0,"options":{},"row":715,"row_count":1,"visible":true},{"chunk_id":"cyk28l2pt3hsg","chunk_label":"unnamed-chunk-33","document_id":"5849AAFD","expansion_state":0,"options":{},"row":737,"row_count":1,"visible":true},{"chunk_id":"cqukvesnkp59x","chunk_label":"unnamed-chunk-34","document_id":"5849AAFD","expansion_state":0,"options":{},"row":758,"row_count":1,"visible":true},{"chunk_id":"cjc2qmlophx9p","chunk_label":"unnamed-chunk-35","document_id":"5849AAFD","expansion_state":0,"options":{},"row":779,"row_count":1,"visible":true},{"chunk_id":"chxvx2a6aadub","chunk_label":"unnamed-chunk-36","document_id":"5849AAFD","expansion_state":0,"options":{},"row":791,"row_count":1,"visible":true},{"chunk_id":"cb3via4sgls6p","chunk_label":"unnamed-chunk-37","document_id":"5849AAFD","expansion_state":0,"options":{},"row":809,"row_count":1,"visible":true},{"chunk_id":"crax74hhol306","chunk_label":"unnamed-chunk-38","document_id":"5849AAFD","expansion_state":0,"options":{},"row":819,"row_count":1,"visible":true},{"chunk_id":"co08ebihc2zj0","chunk_label":"unnamed-chunk-39","document_id":"5849AAFD","expansion_state":0,"options":{},"row":867,"row_count":1,"visible":true},{"chunk_id":"cziah8u2a82c9","chunk_label":"unnamed-chunk-40","document_id":"5849AAFD","expansion_state":0,"options":{},"row":913,"row_count":1,"visible":true},{"chunk_id":"cy7ge1sbywynu","chunk_label":"unnamed-chunk-41","document_id":"5849AAFD","expansion_state":0,"options":{},"row":946,"row_count":1,"visible":true},{"chunk_id":"ch5dbcr0anxib","chunk_label":"unnamed-chunk-42","document_id":"5849AAFD","expansion_state":0,"options":{},"row":968,"row_count":1,"visible":true},{"chunk_id":"ckd7pojkv0h3c","chunk_label":"unnamed-chunk-43","document_id":"5849AAFD","expansion_state":0,"options":{},"row":990,"row_count":1,"visible":true},{"chunk_id":"cz2blbxnittvv","chunk_label":"unnamed-chunk-44","document_id":"5849AAFD","expansion_state":0,"options":{},"row":1008,"row_count":1,"visible":true},{"chunk_id":"cl6jdsq1mf55c","chunk_label":"unnamed-chunk-45","document_id":"5849AAFD","expansion_state":0,"options":{},"row":1020,"row_count":1,"visible":true},{"chunk_id":"cfp72sz7oxj4f","chunk_label":"unnamed-chunk-46","document_id":"5849AAFD","expansion_state":0,"options":{},"row":1027,"row_count":1,"visible":true},{"chunk_id":"cyhgvyv9xuac1","chunk_label":"unnamed-chunk-47","document_id":"5849AAFD","expansion_state":0,"options":{"engine":"r","label":"unnamed-chunk-64"},"row":1032,"row_count":1,"visible":true},{"chunk_id":"ceokxd5pdqipx","chunk_label":"unnamed-chunk-48","document_id":"5849AAFD","expansion_state":0,"options":{"engine":"r","label":"unnamed-chunk-716"},"row":1049,"row_count":1,"visible":true},{"chunk_id":"ccfyugnfbcgs9","chunk_label":"unnamed-chunk-49","document_id":"5849AAFD","expansion_state":0,"options":{"engine":"r","label":"unnamed-chunk-717"},"row":1118,"row_count":1,"visible":true},{"chunk_id":"c1ha2mnebir1g","chunk_label":"unnamed-chunk-50","document_id":"5849AAFD","expansion_state":0,"options":{"engine":"r","label":"unnamed-chunk-718"},"row":1130,"row_count":1,"visible":true},{"chunk_id":"c1vwbx58wyifb","chunk_label":"unnamed-chunk-51","document_id":"5849AAFD","expansion_state":0,"options":{"engine":"r","label":"unnamed-chunk-719"},"row":1197,"row_count":1,"visible":true},{"chunk_id":"cb3dn15x355y7","chunk_label":"unnamed-chunk-52","document_id":"5849AAFD","expansion_state":0,"options":{"engine":"r","label":"unnamed-chunk-118"},"row":1209,"row_count":1,"visible":true},{"chunk_id":"cjqkuk1uvhjq7","chunk_label":"unnamed-chunk-53","document_id":"5849AAFD","expansion_state":0,"options":{"engine":"r","label":"unnamed-chunk-153"},"row":1282,"row_count":1,"visible":true},{"chunk_id":"c119lww39lv5q","chunk_label":"unnamed-chunk-54","document_id":"5849AAFD","expansion_state":0,"options":{"engine":"r","label":"unnamed-chunk-154"},"row":1293,"row_count":1,"visible":true},{"chunk_id":"ccbs04unxte37","chunk_label":"unnamed-chunk-55","document_id":"5849AAFD","expansion_state":0,"options":{"engine":"r","label":"unnamed-chunk-175"},"row":1363,"row_count":1,"visible":true},{"chunk_id":"clncdd3pp73je","chunk_label":"unnamed-chunk-56","document_id":"5849AAFD","expansion_state":0,"options":{"engine":"r","label":"unnamed-chunk-180"},"row":1375,"row_count":1,"visible":true},{"chunk_id":"cfl8zgtu4rizz","chunk_label":"unnamed-chunk-57","document_id":"5849AAFD","expansion_state":0,"options":{"engine":"r","label":"unnamed-chunk-186"},"row":1415,"row_count":1,"visible":true},{"chunk_id":"c4sok8uo1wfs8","chunk_label":"unnamed-chunk-58","document_id":"5849AAFD","expansion_state":0,"options":{"engine":"r","label":"unnamed-chunk-192"},"row":1451,"row_count":1,"visible":true}],"chunk_rendered_width":700,"doc_write_time":1605237697}